county,results_precinct_id,geo_precinct_id,match_method
ALAMANCE,03C,03C,exact
ALAMANCE,03N,03N,exact
ALAMANCE,03N2,03N2,exact
ALAMANCE,03SE,03SE,exact
ALAMANCE,03SM,03SM,exact
ALAMANCE,03W,03W,exact
ALAMANCE,06E,06E,exact
ALAMANCE,06N,06N,exact
ALAMANCE,06S,06S,exact
ALAMANCE,06W,06W,exact
ALAMANCE,08N,08N,exact
ALAMANCE,08S,08S,exact
ALAMANCE,09N,09N,exact
ALAMANCE,09S,09S,exact
ALAMANCE,1,01,leading_zero
ALAMANCE,103,103,exact
ALAMANCE,104,104,exact
ALAMANCE,10N,10N,exact
ALAMANCE,10S1,10S1,exact
ALAMANCE,11,11,exact
ALAMANCE,1210,1210,exact
ALAMANCE,124,124,exact
ALAMANCE,125,125,exact
ALAMANCE,126,126,exact
ALAMANCE,127,127,exact
ALAMANCE,128,128,exact
ALAMANCE,129,129,exact
ALAMANCE,12E,12E,exact
ALAMANCE,12N,12N,exact
ALAMANCE,12S,12S,exact
ALAMANCE,12W,12W,exact
ALAMANCE,13,13,exact
ALAMANCE,2,02,leading_zero
ALAMANCE,35,035,leading_zero
ALAMANCE,4,04,leading_zero
ALAMANCE,5,05,leading_zero
ALAMANCE,63,063,leading_zero
ALAMANCE,64,064,leading_zero
ALAMANCE,7,07,leading_zero
ALEXANDER,B1,B1,exact
ALEXANDER,B2,B2,exact
ALEXANDER,E,E,exact
ALEXANDER,G1G2,G1G2,exact
ALEXANDER,LRSL,LRSL,exact
ALEXANDER,M,M,exact
ALEXANDER,S1S2,S1S2,exact
ALEXANDER,T1T4T5,T1T4T5,exact
ALEXANDER,T2T3,T2T3,exact
ALEXANDER,W,W,exact
ALLEGHANY,03A,03A,exact
ALLEGHANY,06A,06A,exact
ALLEGHANY,1,01,leading_zero
ALLEGHANY,4,04,leading_zero
ANSON,ANS,ANS,exact
ANSON,BURN,BURN,exact
ANSON,GULL,GULL,exact
ANSON,LILE,LILE,exact
ANSON,MM,MM,exact
ANSON,PEAC,PEAC,exact
ANSON,POLK,POLK,exact
ANSON,WADES,WADES,exact
ANSON,WS,WS,exact
ASHE,10,10,exact
ASHE,11,11,exact
ASHE,12,12,exact
ASHE,13,13,exact
ASHE,14,14,exact
ASHE,15,15,exact
ASHE,16,16,exact
ASHE,17,17,exact
ASHE,18,18,exact
ASHE,2,02,leading_zero
ASHE,20,20,exact
ASHE,3,03,leading_zero
ASHE,4,04,leading_zero
ASHE,6,06,leading_zero
ASHE,7,07,leading_zero
ASHE,8,08,leading_zero
ASHE,9,09,leading_zero
AVERY,1,01,leading_zero
AVERY,10,10,exact
AVERY,11,11,exact
AVERY,12,12,exact
AVERY,13,13,exact
AVERY,14,14,exact
AVERY,15,15,exact
AVERY,16,16,exact
AVERY,17,17,exact
AVERY,18,18,exact
AVERY,19,19,exact
AVERY,2,02,leading_zero
AVERY,3,03,leading_zero
AVERY,4,04,leading_zero
AVERY,5,05,leading_zero
AVERY,6,06,leading_zero
AVERY,7,07,leading_zero
AVERY,8,08,leading_zero
AVERY,9,09,leading_zero
BEAUFORT,AUROR,AUROR,exact
BEAUFORT,BEADM,BEADM,exact
BEAUFORT,BELHV,BELHV,exact
BEAUFORT,BLCK,BLCK,exact
BEAUFORT,CHOCO,CHOCO,exact
BEAUFORT,EDWAR,EDWAR,exact
BEAUFORT,GILEA,GILEA,exact
BEAUFORT,HB,HB,exact
BEAUFORT,NCRK,NCRK,exact
BEAUFORT,OLDF,OLDF,exact
BEAUFORT,PANTE,PANTE,exact
BEAUFORT,PINET,PINET,exact
BEAUFORT,PSJW3,PSJW3,exact
BEAUFORT,RVRD,RVRD,exact
BEAUFORT,SURBA,SURBA,exact
BEAUFORT,TCRK,TCRK,exact
BEAUFORT,WASH1,WASH1,exact
BEAUFORT,WASH2,WASH2,exact
BEAUFORT,WASH4,WASH4,exact
BEAUFORT,WASHP,WASHP,exact
BEAUFORT,WDPD,WDPD,exact
BERTIE,C1,C1,exact
BERTIE,C2,C2,exact
BERTIE,IW,IW,exact
BERTIE,M1,M1,exact
BERTIE,M2,M2,exact
BERTIE,MH,MH,exact
BERTIE,RX,RX,exact
BERTIE,SN,SN,exact
BERTIE,W1,W1,exact
BERTIE,W2,W2,exact
BERTIE,WD,WD,exact
BERTIE,WH,WH,exact
BLADEN,P10,P10,exact
BLADEN,P15,P15,exact
BLADEN,P201,P201,exact
BLADEN,P202,P202,exact
BLADEN,P25,P25,exact
BLADEN,P30,P30,exact
BLADEN,P35,P35,exact
BLADEN,P40,P40,exact
BLADEN,P45,P45,exact
BLADEN,P501,P501,exact
BLADEN,P502,P502,exact
BLADEN,P55,P55,exact
BLADEN,P60,P60,exact
BLADEN,P65,P65,exact
BLADEN,P70,P70,exact
BLADEN,P75,P75,exact
BLADEN,P80,P80,exact
BRUNSWICK,CB01,CB01,exact
BRUNSWICK,CB02,CB02,exact
BRUNSWICK,CB03,CB03,exact
BRUNSWICK,CB04,CB04,exact
BRUNSWICK,CB05,CB05,exact
BRUNSWICK,CB06,CB06,exact
BRUNSWICK,NB01,NB01,exact
BRUNSWICK,NB02,NB02,exact
BRUNSWICK,NB03,NB03,exact
BRUNSWICK,NB04,NB04,exact
BRUNSWICK,NB05,NB05,exact
BRUNSWICK,NB06,NB06,exact
BRUNSWICK,NB07,NB07,exact
BRUNSWICK,SB01,SB01,exact
BRUNSWICK,SB02,SB02,exact
BRUNSWICK,SB03,SB03,exact
BRUNSWICK,SB04,SB04,exact
BRUNSWICK,SB05,SB05,exact
BRUNSWICK,SB06,SB06,exact
BRUNSWICK,SB07,SB07,exact
BRUNSWICK,SB08,SB08,exact
BRUNSWICK,WB01,WB01,exact
BRUNSWICK,WB02,WB02,exact
BRUNSWICK,WB03,WB03,exact
BRUNSWICK,WB04,WB04,exact
BRUNSWICK,WB05,WB05,exact
BRUNSWICK,WB06,WB06,exact
BUNCOMBE,1.1,01.1,decimal_leading_zero
BUNCOMBE,10.1,10.1,exact
BUNCOMBE,11.1,11.1,exact
BUNCOMBE,12.1,12.1,exact
BUNCOMBE,13.1,13.1,exact
BUNCOMBE,14.2,14.2,exact
BUNCOMBE,14.3,14.3,exact
BUNCOMBE,15.1,15.1,exact
BUNCOMBE,16.2,16.2,exact
BUNCOMBE,17.1,17.1,exact
BUNCOMBE,18.2,18.2,exact
BUNCOMBE,19.1,19.1,exact
BUNCOMBE,2.1,02.1,decimal_leading_zero
BUNCOMBE,20.1,20.1,exact
BUNCOMBE,21.1,21.1,exact
BUNCOMBE,22.2,22.2,exact
BUNCOMBE,23.2,23.2,exact
BUNCOMBE,23.3,23.3,exact
BUNCOMBE,24.1,24.1,exact
BUNCOMBE,25.1,25.1,exact
BUNCOMBE,26.1,26.1,exact
BUNCOMBE,27.2,27.2,exact
BUNCOMBE,28.1,28.1,exact
BUNCOMBE,29.2,29.2,exact
BUNCOMBE,3.1,03.1,decimal_leading_zero
BUNCOMBE,30.2,30.2,exact
BUNCOMBE,30.3,30.3,exact
BUNCOMBE,31.1,31.1,exact
BUNCOMBE,32.1,32.1,exact
BUNCOMBE,33.2,33.2,exact
BUNCOMBE,33.3,33.3,exact
BUNCOMBE,34.1,34.1,exact
BUNCOMBE,35.1,35.1,exact
BUNCOMBE,36.1,36.1,exact
BUNCOMBE,37.1,37.1,exact
BUNCOMBE,38.2,38.2,exact
BUNCOMBE,38.3,38.3,exact
BUNCOMBE,39.2,39.2,exact
BUNCOMBE,39.3,39.3,exact
BUNCOMBE,4.1,04.1,decimal_leading_zero
BUNCOMBE,40.2,40.2,exact
BUNCOMBE,41.1,41.1,exact
BUNCOMBE,42.1,42.1,exact
BUNCOMBE,43.2,43.2,exact
BUNCOMBE,44.1,44.1,exact
BUNCOMBE,45.1,45.1,exact
BUNCOMBE,46.1,46.1,exact
BUNCOMBE,47.1,47.1,exact
BUNCOMBE,48.1,48.1,exact
BUNCOMBE,49.1,49.1,exact
BUNCOMBE,5.1,05.1,decimal_leading_zero
BUNCOMBE,50.1,50.1,exact
BUNCOMBE,51.2,51.2,exact
BUNCOMBE,52.1,52.1,exact
BUNCOMBE,53.1,53.1,exact
BUNCOMBE,54.2,54.2,exact
BUNCOMBE,55.1,55.1,exact
BUNCOMBE,56.2,56.2,exact
BUNCOMBE,57.1,57.1,exact
BUNCOMBE,58.1,58.1,exact
BUNCOMBE,59.1,59.1,exact
BUNCOMBE,6.1,06.1,decimal_leading_zero
BUNCOMBE,60.2,60.2,exact
BUNCOMBE,60.4,60.4,exact
BUNCOMBE,61.1,61.1,exact
BUNCOMBE,62.1,62.1,exact
BUNCOMBE,63.1,63.1,exact
BUNCOMBE,64.1,64.1,exact
BUNCOMBE,65.1,65.1,exact
BUNCOMBE,66.1,66.1,exact
BUNCOMBE,67.1,67.1,exact
BUNCOMBE,68.1,68.1,exact
BUNCOMBE,681,681,exact
BUNCOMBE,69.1,69.1,exact
BUNCOMBE,7.1,07.1,decimal_leading_zero
BUNCOMBE,70.1,70.1,exact
BUNCOMBE,71.1,71.1,exact
BUNCOMBE,8.2,08.2,decimal_leading_zero
BUNCOMBE,8.3,08.3,decimal_leading_zero
BUNCOMBE,9.1,09.1,decimal_leading_zero
BURKE,0047-A,0047-A,exact
BURKE,0047-B,0047-B,exact
BURKE,1,0001,leading_zero
BURKE,11,0011,leading_zero
BURKE,12,0012,leading_zero
BURKE,13,0013,leading_zero
BURKE,14,0014,leading_zero
BURKE,15,0015,leading_zero
BURKE,18,0018,leading_zero
BURKE,19,0019,leading_zero
BURKE,20,0020,leading_zero
BURKE,21,0021,leading_zero
BURKE,22,0022,leading_zero
BURKE,24,0024,leading_zero
BURKE,3,0003,leading_zero
BURKE,31,0031,leading_zero
BURKE,34,0034,leading_zero
BURKE,35,0035,leading_zero
BURKE,36,0036,leading_zero
BURKE,38,0038,leading_zero
BURKE,39,0039,leading_zero
BURKE,40,0040,leading_zero
BURKE,48,0048,leading_zero
BURKE,51,0051,leading_zero
BURKE,52,0052,leading_zero
BURKE,62,0062,leading_zero
BURKE,64,0064,leading_zero
BURKE,66,0066,leading_zero
BURKE,70,0070,leading_zero
BURKE,71,0071,leading_zero
BURKE,72,0072,leading_zero
CABARRUS,01-02,01-02,exact
CABARRUS,01-04,01-04,exact
CABARRUS,01-07,01-07,exact
CABARRUS,01-08,01-08,exact
CABARRUS,01-10,01-10,exact
CABARRUS,01-11,01-11,exact
CABARRUS,02-01,02-01,exact
CABARRUS,02-02,02-02,exact
CABARRUS,02-03,02-03,exact
CABARRUS,02-05,02-05,exact
CABARRUS,02-06,02-06,exact
CABARRUS,02-07,02-07,exact
CABARRUS,02-08,02-08,exact
CABARRUS,02-09,02-09,exact
CABARRUS,03-00,03-00,exact
CABARRUS,04-01,04-01,exact
CABARRUS,04-03,04-03,exact
CABARRUS,04-08,04-08,exact
CABARRUS,04-09,04-09,exact
CABARRUS,04-11,04-11,exact
CABARRUS,04-12,04-12,exact
CABARRUS,04-13,04-13,exact
CABARRUS,05-00,05-00,exact
CABARRUS,06-00,06-00,exact
CABARRUS,07-00,07-00,exact
CABARRUS,08-00,08-00,exact
CABARRUS,09-00,09-00,exact
CABARRUS,10-00,10-00,exact
CABARRUS,11-01,11-01,exact
CABARRUS,11-02,11-02,exact
CABARRUS,12-03,12-03,exact
CABARRUS,12-04,12-04,exact
CABARRUS,12-05,12-05,exact
CABARRUS,12-08,12-08,exact
CABARRUS,12-09,12-09,exact
CABARRUS,12-11,12-11,exact
CABARRUS,12-12,12-12,exact
CABARRUS,12-13,12-13,exact
CABARRUS,12-14,12-14,exact
CALDWELL,1,1,exact
CALDWELL,10,10,exact
CALDWELL,11,11,exact
CALDWELL,12,12,exact
CALDWELL,13,13,exact
CALDWELL,14,14,exact
CALDWELL,15,15,exact
CALDWELL,2,2,exact
CALDWELL,3,3,exact
CALDWELL,4,4,exact
CALDWELL,5,5,exact
CALDWELL,6,6,exact
CALDWELL,7,7,exact
CALDWELL,8,8,exact
CALDWELL,9,9,exact
CAMDEN,CH,CH,exact
CAMDEN,SH,SH,exact
CAMDEN,SM,SM,exact
CARTERET,ABCH,ABCH,exact
CARTERET,ASCI,ASCI,exact
CARTERET,BCRK,BCRK,exact
CARTERET,BFT1,BFT1,exact
CARTERET,BFT2,BFT2,exact
CARTERET,BOGE,BOGE,exact
CARTERET,CAPE,CAPE,exact
CARTERET,DASW,DASW,exact
CARTERET,HAIS,HAIS,exact
CARTERET,IBPK,IBPK,exact
CARTERET,ISLE,ISLE,exact
CARTERET,MASM,MASM,exact
CARTERET,MCRK,MCRK,exact
CARTERET,MERR,MERR,exact
CARTERET,MHD1,MHD1,exact
CARTERET,MHD2,MHD2,exact
CARTERET,MHD3,MHD3,exact
CARTERET,MHD4,MHD4,exact
CARTERET,NPT1,NPT1,exact
CARTERET,NPT2,NPT2,exact
CARTERET,NRIV,NRIV,exact
CARTERET,OTBEG,OTBEG,exact
CARTERET,PELE,PELE,exact
CARTERET,STEL,STEL,exact
CARTERET,WIHA,WIHA,exact
CARTERET,WILD,WILD,exact
CASWELL,ANDE,ANDE,exact
CASWELL,LEAS,LEAS,exact
CASWELL,LOCU,LOCU,exact
CASWELL,MILT,MILT,exact
CASWELL,PELH,PELH,exact
CASWELL,PH,PH,exact
CASWELL,PROVI,PROVI,exact
CASWELL,STON,STON,exact
CASWELL,YANC,YANC,exact
CATAWBA,1,01,leading_zero
CATAWBA,10,10,exact
CATAWBA,11,11,exact
CATAWBA,12,12,exact
CATAWBA,13,13,exact
CATAWBA,14,14,exact
CATAWBA,15,15,exact
CATAWBA,16,16,exact
CATAWBA,17,17,exact
CATAWBA,19,19,exact
CATAWBA,2,02,leading_zero
CATAWBA,20,20,exact
CATAWBA,21,21,exact
CATAWBA,22,22,exact
CATAWBA,23,23,exact
CATAWBA,24,24,exact
CATAWBA,25,25,exact
CATAWBA,26,26,exact
CATAWBA,27,27,exact
CATAWBA,28,28,exact
CATAWBA,29,29,exact
CATAWBA,3,03,leading_zero
CATAWBA,30,30,exact
CATAWBA,31,31,exact
CATAWBA,32,32,exact
CATAWBA,33,33,exact
CATAWBA,34,34,exact
CATAWBA,35,35,exact
CATAWBA,36,36,exact
CATAWBA,37,37,exact
CATAWBA,38,38,exact
CATAWBA,39,39,exact
CATAWBA,4,04,leading_zero
CATAWBA,40,40,exact
CATAWBA,41,41,exact
CATAWBA,5,05,leading_zero
CATAWBA,6,06,leading_zero
CATAWBA,7,07,leading_zero
CATAWBA,8,08,leading_zero
CATAWBA,9,09,leading_zero
CHATHAM,15,15,exact
CHATHAM,21,21,exact
CHATHAM,3,3,exact
CHATHAM,30,30,exact
CHATHAM,42,42,exact
CHATHAM,75,75,exact
CHATHAM,78,78,exact
CHATHAM,85,85,exact
CHATHAM,9,9,exact
CHATHAM,CRD118,CRD118,exact
CHATHAM,ECL109,ECL109,exact
CHATHAM,EPP112,EPP112,exact
CHATHAM,ESC114,ESC114,exact
CHATHAM,GLD118,GLD118,exact
CHATHAM,MON113,MON113,exact
CHATHAM,NWM117,NWM117,exact
CHATHAM,WCL108,WCL108,exact
CHATHAM,WPP114,WPP114,exact
CHEROKEE,ANNW,ANNW,exact
CHEROKEE,ANSW,ANSW,exact
CHEROKEE,BELL,BELL,exact
CHEROKEE,BRAS,BRAS,exact
CHEROKEE,CSON,CSON,exact
CHEROKEE,GCRK,GCRK,exact
CHEROKEE,HANG,HANG,exact
CHEROKEE,HIWA,HIWA,exact
CHEROKEE,HOTH,HOTH,exact
CHEROKEE,MARB,MARB,exact
CHEROKEE,MURN,MURN,exact
CHEROKEE,MURS,MURS,exact
CHEROKEE,PCHT,PCHT,exact
CHEROKEE,RGER,RGER,exact
CHEROKEE,TOPT,TOPT,exact
CHEROKEE,UNKA,UNKA,exact
CHOWAN,1,1,exact
CHOWAN,2,2,exact
CHOWAN,3,3,exact
CHOWAN,4,4,exact
CHOWAN,5,5,exact
CHOWAN,6,6,exact
CLAY,BRAS,BRAS,exact
CLAY,HAY1,HAY1,exact
CLAY,HAY2,HAY2,exact
CLAY,HAYC,HAYC,exact
CLAY,HIAW,HIAW,exact
CLAY,SHCR,SHCR,exact
CLAY,SWEE,SWEE,exact
CLAY,TUSQ,TUSQ,exact
CLAY,WARN,WARN,exact
CLEVELAND,BETHWR,BETHWR,exact
CLEVELAND,BR,BR,exact
CLEVELAND,CASAR,CASAR,exact
CLEVELAND,FALSTN,FALSTN,exact
CLEVELAND,GROVER,GROVER,exact
CLEVELAND,KINGST,KINGST,exact
CLEVELAND,KM N,KM N,exact
CLEVELAND,KM S,KM S,exact
CLEVELAND,LATT,LATT,exact
CLEVELAND,LAWNDL,LAWNDL,exact
CLEVELAND,MRB-YO,MRB-YO,exact
CLEVELAND,MULLS,MULLS,exact
CLEVELAND,OAKGRV,OAKGRV,exact
CLEVELAND,POLKVL,POLKVL,exact
CLEVELAND,RIPPY,RIPPY,exact
CLEVELAND,S C,S C,exact
CLEVELAND,S E,S E,exact
CLEVELAND,S N,S N,exact
CLEVELAND,S S,S S,exact
CLEVELAND,SHANGI,SHANGI,exact
CLEVELAND,WACO,WACO,exact
COLUMBUS,P02B,P02B,exact
COLUMBUS,P06,P06,exact
COLUMBUS,P07,P07,exact
COLUMBUS,P117,P117,exact
COLUMBUS,P121,P121,exact
COLUMBUS,P14,P14,exact
COLUMBUS,P15,P15,exact
COLUMBUS,P16B,P16B,exact
COLUMBUS,P19,P19,exact
COLUMBUS,P223,P223,exact
COLUMBUS,P22A,P22A,exact
COLUMBUS,P245,P245,exact
COLUMBUS,P26B,P26B,exact
COLUMBUS,P534,P534,exact
COLUMBUS,P82,P82,exact
COLUMBUS,P89,P89,exact
CRAVEN,11,11,exact
CRAVEN,16,16,exact
CRAVEN,17,17,exact
CRAVEN,19,19,exact
CRAVEN,2,02,leading_zero
CRAVEN,20,20,exact
CRAVEN,21,21,exact
CRAVEN,23,23,exact
CRAVEN,3,03,leading_zero
CRAVEN,5,05,leading_zero
CRAVEN,7,07,leading_zero
CRAVEN,CFB8,CFB8,exact
CRAVEN,CLR4,CLR4,exact
CRAVEN,DFB9,DFB9,exact
CRAVEN,N1,N1,exact
CRAVEN,N2,N2,exact
CRAVEN,N3N5,N3N5,exact
CRAVEN,N4,N4,exact
CRAVEN,N6,N6,exact
CRAVEN,TE13,TE13,exact
CRAVEN,VE14,VE14,exact
CUMBERLAND,AH49,AH49,exact
CUMBERLAND,AL51-1,AL51-1,exact
CUMBERLAND,AL51-2,AL51-2,exact
CUMBERLAND,AL51-3,AL51-3,exact
CUMBERLAND,CC01,CC01,exact
CUMBERLAND,CC03,CC03,exact
CUMBERLAND,CC04,CC04,exact
CUMBERLAND,CC06,CC06,exact
CUMBERLAND,CC07,CC07,exact
CUMBERLAND,CC08,CC08,exact
CUMBERLAND,CC10,CC10,exact
CUMBERLAND,CC12,CC12,exact
CUMBERLAND,CC13,CC13,exact
CUMBERLAND,CC14,CC14,exact
CUMBERLAND,CC15,CC15,exact
CUMBERLAND,CC16,CC16,exact
CUMBERLAND,CC17,CC17,exact
CUMBERLAND,CC18,CC18,exact
CUMBERLAND,CC21,CC21,exact
CUMBERLAND,CC22A,CC22A,exact
CUMBERLAND,CC23-2,CC23-2,exact
CUMBERLAND,CC24,CC24,exact
CUMBERLAND,CC25,CC25,exact
CUMBERLAND,CC26,CC26,exact
CUMBERLAND,CC27,CC27,exact
CUMBERLAND,CC29,CC29,exact
CUMBERLAND,CC31,CC31,exact
CUMBERLAND,CC32,CC32,exact
CUMBERLAND,CC33,CC33,exact
CUMBERLAND,CC34,CC34,exact
CUMBERLAND,CC519,CC519,exact
CUMBERLAND,CL57-1,CL57-1,exact
CUMBERLAND,CL57-2,CL57-2,exact
CUMBERLAND,CU02,CU02,exact
CUMBERLAND,EO01,EO01,exact
CUMBERLAND,EO02,EO02,exact
CUMBERLAND,G10A,G10A,exact
CUMBERLAND,G10B,G10B,exact
CUMBERLAND,G10C,G10C,exact
CUMBERLAND,G11B,G11B,exact
CUMBERLAND,G1A,G1A,exact
CUMBERLAND,G1B,G1B,exact
CUMBERLAND,G2A,G2A,exact
CUMBERLAND,G2C-1,G2C-1,exact
CUMBERLAND,G2E-1,G2E-1,exact
CUMBERLAND,G2E-2,G2E-2,exact
CUMBERLAND,G3A-1,G3A-1,exact
CUMBERLAND,G3A-2C,G3A-2C,exact
CUMBERLAND,G3B,G3B,exact
CUMBERLAND,G3C,G3C,exact
CUMBERLAND,G4A,G4A,exact
CUMBERLAND,G4B,G4B,exact
CUMBERLAND,G4C,G4C,exact
CUMBERLAND,G5A-1,G5A-1,exact
CUMBERLAND,G5A-2,G5A-2,exact
CUMBERLAND,G5B-1,G5B-1,exact
CUMBERLAND,G5B-2,G5B-2,exact
CUMBERLAND,G5C,G5C,exact
CUMBERLAND,G6A,G6A,exact
CUMBERLAND,G6B,G6B,exact
CUMBERLAND,G6C,G6C,exact
CUMBERLAND,G7A,G7A,exact
CUMBERLAND,G7B,G7B,exact
CUMBERLAND,G8A,G8A,exact
CUMBERLAND,G8B,G8B,exact
CUMBERLAND,G8C,G8C,exact
CUMBERLAND,G8D,G8D,exact
CUMBERLAND,G9A-3,G9A-3,exact
CUMBERLAND,G9B-1,G9B-1,exact
CUMBERLAND,G9B-2,G9B-2,exact
CUMBERLAND,LI65,LI65,exact
CUMBERLAND,LO66A,LO66A,exact
CUMBERLAND,LR63,LR63,exact
CUMBERLAND,MB62,MB62,exact
CUMBERLAND,MR02,MR02,exact
CUMBERLAND,SH77,SH77,exact
CUMBERLAND,SL78-3,SL78-3,exact
CURRITUCK,CB,CB,exact
CURRITUCK,CH,CH,exact
CURRITUCK,CO,CO,exact
CURRITUCK,EM,EM,exact
CURRITUCK,GW,GW,exact
CURRITUCK,IR,IR,exact
CURRITUCK,KI,KI,exact
CURRITUCK,PB,PB,exact
CURRITUCK,PP,PP,exact
CURRITUCK,WH,WH,exact
CURRITUCK,WM,WM,exact
DARE,AVON,AVON,exact
DARE,BUX,BUX,exact
DARE,CHCA,CHCA,exact
DARE,COL,COL,exact
DARE,DUCK,DUCK,exact
DARE,EL,EL,exact
DARE,FRCO,FRCO,exact
DARE,HAT,HAT,exact
DARE,KDH,KDH,exact
DARE,KTHK,KTHK,exact
DARE,MATO,MATO,exact
DARE,MH,MH,exact
DARE,NGHD,NGHD,exact
DARE,SOSH,SOSH,exact
DARE,STPT,STPT,exact
DARE,WAN,WAN,exact
DAVIDSON,10,10,exact
DAVIDSON,12,12,exact
DAVIDSON,14,14,exact
DAVIDSON,16,16,exact
DAVIDSON,18,18,exact
DAVIDSON,20,20,exact
DAVIDSON,22,22,exact
DAVIDSON,24,24,exact
DAVIDSON,26,26,exact
DAVIDSON,28,28,exact
DAVIDSON,30,30,exact
DAVIDSON,32,32,exact
DAVIDSON,34,34,exact
DAVIDSON,36,36,exact
DAVIDSON,38,38,exact
DAVIDSON,4,04,leading_zero
DAVIDSON,40,40,exact
DAVIDSON,42,42,exact
DAVIDSON,44,44,exact
DAVIDSON,46,46,exact
DAVIDSON,48,48,exact
DAVIDSON,50,50,exact
DAVIDSON,52,52,exact
DAVIDSON,54,54,exact
DAVIDSON,56,56,exact
DAVIDSON,58,58,exact
DAVIDSON,6,06,leading_zero
DAVIDSON,60,60,exact
DAVIDSON,62,62,exact
DAVIDSON,64,64,exact
DAVIDSON,66,66,exact
DAVIDSON,68,68,exact
DAVIDSON,70,70,exact
DAVIDSON,72,72,exact
DAVIDSON,74,74,exact
DAVIDSON,76,76,exact
DAVIDSON,78,78,exact
DAVIDSON,8,08,leading_zero
DAVIDSON,80A,80A,exact
DAVIDSON,82,82,exact
DAVIDSON,84,84,exact
DAVIDSON,86A,86A,exact
DAVIDSON,88,88,exact
DAVIE,1,01,leading_zero
DAVIE,10,10,exact
DAVIE,11,11,exact
DAVIE,12,12,exact
DAVIE,13,13,exact
DAVIE,14,14,exact
DAVIE,2,02,leading_zero
DAVIE,3,03,leading_zero
DAVIE,4,04,leading_zero
DAVIE,5,05,leading_zero
DAVIE,6,06,leading_zero
DAVIE,7,07,leading_zero
DAVIE,8,08,leading_zero
DAVIE,9,09,leading_zero
DUPLIN,ALBE,ALBE,exact
DUPLIN,BEUL,BEUL,exact
DUPLIN,CALY,CALY,exact
DUPLIN,CFRK,CFRK,exact
DUPLIN,CHAR,CHAR,exact
DUPLIN,CHIN,CHIN,exact
DUPLIN,CYCK,CYCK,exact
DUPLIN,FAIS,FAIS,exact
DUPLIN,GLIS,GLIS,exact
DUPLIN,HALL,HALL,exact
DUPLIN,KENA,KENA,exact
DUPLIN,MAGN,MAGN,exact
DUPLIN,ROSE,ROSE,exact
DUPLIN,SMCA,SMCA,exact
DUPLIN,WARS,WARS,exact
DUPLIN,WLLC,WLLC,exact
DUPLIN,WOLF,WOLF,exact
DURHAM,1,01,leading_zero
DURHAM,10,10,exact
DURHAM,12,12,exact
DURHAM,13,13,exact
DURHAM,14,14,exact
DURHAM,15,15,exact
DURHAM,17,17,exact
DURHAM,18,18,exact
DURHAM,19,19,exact
DURHAM,2,02,leading_zero
DURHAM,20,20,exact
DURHAM,21,21,exact
DURHAM,22,22,exact
DURHAM,23,23,exact
DURHAM,24,24,exact
DURHAM,25,25,exact
DURHAM,26,26,exact
DURHAM,27,27,exact
DURHAM,28,28,exact
DURHAM,29,29,exact
DURHAM,3,03,leading_zero
DURHAM,30-2,30-2,exact
DURHAM,30-3,30-3,exact
DURHAM,30-4,30-4,exact
DURHAM,31,31,exact
DURHAM,32,32,exact
DURHAM,33-1,33-1,exact
DURHAM,33-2,33-2,exact
DURHAM,34-1,34-1,exact
DURHAM,34-2,34-2,exact
DURHAM,35-4,35-4,exact
DURHAM,35-5,35-5,exact
DURHAM,36,36,exact
DURHAM,37,37,exact
DURHAM,38,38,exact
DURHAM,4,04,leading_zero
DURHAM,40,40,exact
DURHAM,41,41,exact
DURHAM,42,42,exact
DURHAM,43,43,exact
DURHAM,44,44,exact
DURHAM,45,45,exact
DURHAM,46,46,exact
DURHAM,47,47,exact
DURHAM,5,05,leading_zero
DURHAM,50,50,exact
DURHAM,51,51,exact
DURHAM,52,52,exact
DURHAM,53-2,53-2,exact
DURHAM,54,54,exact
DURHAM,55-11,55-11,exact
DURHAM,55-49,55-49,exact
DURHAM,56,56,exact
DURHAM,57,57,exact
DURHAM,6,06,leading_zero
DURHAM,7,07,leading_zero
DURHAM,8,08,leading_zero
DURHAM,9,09,leading_zero
EDGECOMBE,1001,1001,exact
EDGECOMBE,101,0101,leading_zero
EDGECOMBE,102,0102,leading_zero
EDGECOMBE,103,0103,leading_zero
EDGECOMBE,104,0104,leading_zero
EDGECOMBE,1101,1101,exact
EDGECOMBE,1201,1201,exact
EDGECOMBE,1202,1202,exact
EDGECOMBE,1203,1203,exact
EDGECOMBE,1204,1204,exact
EDGECOMBE,1205,1205,exact
EDGECOMBE,1301,1301,exact
EDGECOMBE,1401,1401,exact
EDGECOMBE,201,0201,leading_zero
EDGECOMBE,301,0301,leading_zero
EDGECOMBE,401,0401,leading_zero
EDGECOMBE,501,0501,leading_zero
EDGECOMBE,601,0601,leading_zero
EDGECOMBE,701,0701,leading_zero
EDGECOMBE,801,0801,leading_zero
EDGECOMBE,901,0901,leading_zero
FORSYTH,101,101,exact
FORSYTH,111,111,exact
FORSYTH,112,112,exact
FORSYTH,12,012,leading_zero
FORSYTH,121,121,exact
FORSYTH,123,123,exact
FORSYTH,124,124,exact
FORSYTH,13,013,leading_zero
FORSYTH,131,131,exact
FORSYTH,132,132,exact
FORSYTH,134,134,exact
FORSYTH,135,135,exact
FORSYTH,14,014,leading_zero
FORSYTH,15,015,leading_zero
FORSYTH,16,016,leading_zero
FORSYTH,17,017,leading_zero
FORSYTH,202,202,exact
FORSYTH,203,203,exact
FORSYTH,204,204,exact
FORSYTH,205,205,exact
FORSYTH,206,206,exact
FORSYTH,207,207,exact
FORSYTH,208,208,exact
FORSYTH,21,021,leading_zero
FORSYTH,301,301,exact
FORSYTH,302,302,exact
FORSYTH,303,303,exact
FORSYTH,304,304,exact
FORSYTH,305,305,exact
FORSYTH,306,306,exact
FORSYTH,31,031,leading_zero
FORSYTH,32,032,leading_zero
FORSYTH,33,033,leading_zero
FORSYTH,34,034,leading_zero
FORSYTH,401,401,exact
FORSYTH,402,402,exact
FORSYTH,403,403,exact
FORSYTH,404,404,exact
FORSYTH,405,405,exact
FORSYTH,42,042,leading_zero
FORSYTH,43,043,leading_zero
FORSYTH,501,501,exact
FORSYTH,502,502,exact
FORSYTH,503,503,exact
FORSYTH,504,504,exact
FORSYTH,505,505,exact
FORSYTH,506,506,exact
FORSYTH,508,508,exact
FORSYTH,509,509,exact
FORSYTH,51,051,leading_zero
FORSYTH,52,052,leading_zero
FORSYTH,53,053,leading_zero
FORSYTH,54,054,leading_zero
FORSYTH,55,055,leading_zero
FORSYTH,601,601,exact
FORSYTH,602,602,exact
FORSYTH,603,603,exact
FORSYTH,604,604,exact
FORSYTH,605,605,exact
FORSYTH,606,606,exact
FORSYTH,607,607,exact
FORSYTH,61,061,leading_zero
FORSYTH,62,062,leading_zero
FORSYTH,63,063,leading_zero
FORSYTH,64,064,leading_zero
FORSYTH,65,065,leading_zero
FORSYTH,66,066,leading_zero
FORSYTH,67,067,leading_zero
FORSYTH,68,068,leading_zero
FORSYTH,701,701,exact
FORSYTH,702,702,exact
FORSYTH,703,703,exact
FORSYTH,704,704,exact
FORSYTH,705,705,exact
FORSYTH,706,706,exact
FORSYTH,707,707,exact
FORSYTH,708,708,exact
FORSYTH,709,709,exact
FORSYTH,71,071,leading_zero
FORSYTH,73,073,leading_zero
FORSYTH,74,074,leading_zero
FORSYTH,75,075,leading_zero
FORSYTH,76,076,leading_zero
FORSYTH,77,077,leading_zero
FORSYTH,801,801,exact
FORSYTH,802,802,exact
FORSYTH,803,803,exact
FORSYTH,804,804,exact
FORSYTH,805,805,exact
FORSYTH,806,806,exact
FORSYTH,807,807,exact
FORSYTH,808,808,exact
FORSYTH,809,809,exact
FORSYTH,81,081,leading_zero
FORSYTH,83,083,leading_zero
FORSYTH,84,084,leading_zero
FORSYTH,85,085,leading_zero
FORSYTH,901,901,exact
FORSYTH,902,902,exact
FORSYTH,903,903,exact
FORSYTH,904,904,exact
FORSYTH,905,905,exact
FORSYTH,906,906,exact
FORSYTH,907,907,exact
FORSYTH,908,908,exact
FORSYTH,909,909,exact
FORSYTH,91,091,leading_zero
FORSYTH,92,092,leading_zero
FRANKLIN,1,01,leading_zero
FRANKLIN,10,10,exact
FRANKLIN,11,11,exact
FRANKLIN,12,12,exact
FRANKLIN,13,13,exact
FRANKLIN,14,14,exact
FRANKLIN,15,15,exact
FRANKLIN,16,16,exact
FRANKLIN,17,17,exact
FRANKLIN,18,18,exact
FRANKLIN,19,19,exact
FRANKLIN,2,02,leading_zero
FRANKLIN,3,03,leading_zero
FRANKLIN,5,05,leading_zero
FRANKLIN,6,06,leading_zero
FRANKLIN,7,07,leading_zero
FRANKLIN,8,08,leading_zero
FRANKLIN,9,09,leading_zero
GASTON,10A,10A,exact
GASTON,11A,11A,exact
GASTON,12A,12A,exact
GASTON,13A,13A,exact
GASTON,14A,14A,exact
GASTON,15A,15A,exact
GASTON,16A,16A,exact
GASTON,17A,17A,exact
GASTON,18A,18A,exact
GASTON,19A,19A,exact
GASTON,1A,1A,exact
GASTON,20A,20A,exact
GASTON,21A,21A,exact
GASTON,22A,22A,exact
GASTON,23A,23A,exact
GASTON,24A,24A,exact
GASTON,25A,25A,exact
GASTON,26A,26A,exact
GASTON,27A,27A,exact
GASTON,28A,28A,exact
GASTON,29A,29A,exact
GASTON,2A,2A,exact
GASTON,30A,30A,exact
GASTON,31A,31A,exact
GASTON,32A,32A,exact
GASTON,33A,33A,exact
GASTON,34A,34A,exact
GASTON,35A,35A,exact
GASTON,36A,36A,exact
GASTON,37A,37A,exact
GASTON,38A,38A,exact
GASTON,39A,39A,exact
GASTON,3A,3A,exact
GASTON,40A,40A,exact
GASTON,4A,4A,exact
GASTON,5A,5A,exact
GASTON,6A,6A,exact
GASTON,7A,7A,exact
GASTON,8A,8A,exact
GASTON,9A,9A,exact
GATES,1,1,exact
GATES,2,2,exact
GATES,3,3,exact
GATES,4N,4N,exact
GATES,4S,4S,exact
GATES,5,5,exact
GRAHAM,EAST,EAST,exact
GRAHAM,STEC,STEC,exact
GRAHAM,TAPO,TAPO,exact
GRAHAM,WEST,WEST,exact
GRANVILLE,ANTI,ANTI,exact
GRANVILLE,BERE,BERE,exact
GRANVILLE,BTNR,BTNR,exact
GRANVILLE,CORI,CORI,exact
GRANVILLE,CRDL,CRDL,exact
GRANVILLE,CRDM,CRDM,exact
GRANVILLE,EAOX,EAOX,exact
GRANVILLE,MTEN,MTEN,exact
GRANVILLE,OKHL,OKHL,exact
GRANVILLE,SALM,SALM,exact
GRANVILLE,SASS,SASS,exact
GRANVILLE,SOOX,SOOX,exact
GRANVILLE,TYHO,TYHO,exact
GRANVILLE,WILT,WILT,exact
GRANVILLE,WOEL,WOEL,exact
GREENE,ARBA,ARBA,exact
GREENE,BEAR,BEAR,exact
GREENE,BULL,BULL,exact
GREENE,CAST,CAST,exact
GREENE,HOOK,HOOK,exact
GREENE,MAUR,MAUR,exact
GREENE,SH#1,SH#1,exact
GREENE,SHIN,SHIN,exact
GREENE,SUGG,SUGG,exact
GREENE,WALS,WALS,exact
GUILFORD,CG1,CG1,exact
GUILFORD,CG2,CG2,exact
GUILFORD,CG3A,CG3A,exact
GUILFORD,CG3B,CG3B,exact
GUILFORD,FEN1,FEN1,exact
GUILFORD,FEN2,FEN2,exact
GUILFORD,FR1,FR1,exact
GUILFORD,FR2,FR2,exact
GUILFORD,FR3,FR3,exact
GUILFORD,FR4,FR4,exact
GUILFORD,FR5A,FR5A,exact
GUILFORD,FR5B,FR5B,exact
GUILFORD,G01,G01,exact
GUILFORD,G02,G02,exact
GUILFORD,G03,G03,exact
GUILFORD,G04,G04,exact
GUILFORD,G05,G05,exact
GUILFORD,G06,G06,exact
GUILFORD,G07,G07,exact
GUILFORD,G08,G08,exact
GUILFORD,G09,G09,exact
GUILFORD,G10,G10,exact
GUILFORD,G11,G11,exact
GUILFORD,G12,G12,exact
GUILFORD,G13,G13,exact
GUILFORD,G14,G14,exact
GUILFORD,G15,G15,exact
GUILFORD,G16,G16,exact
GUILFORD,G17,G17,exact
GUILFORD,G18,G18,exact
GUILFORD,G19,G19,exact
GUILFORD,G20,G20,exact
GUILFORD,G21,G21,exact
GUILFORD,G22,G22,exact
GUILFORD,G23,G23,exact
GUILFORD,G24,G24,exact
GUILFORD,G25,G25,exact
GUILFORD,G26,G26,exact
GUILFORD,G27,G27,exact
GUILFORD,G28,G28,exact
GUILFORD,G29,G29,exact
GUILFORD,G30,G30,exact
GUILFORD,G31,G31,exact
GUILFORD,G32,G32,exact
GUILFORD,G33,G33,exact
GUILFORD,G34,G34,exact
GUILFORD,G35,G35,exact
GUILFORD,G36,G36,exact
GUILFORD,G37,G37,exact
GUILFORD,G38,G38,exact
GUILFORD,G39,G39,exact
GUILFORD,G40A1,G40A1,exact
GUILFORD,G40A2,G40A2,exact
GUILFORD,G40B,G40B,exact
GUILFORD,G41A,G41A,exact
GUILFORD,G41B,G41B,exact
GUILFORD,G42A,G42A,exact
GUILFORD,G42B,G42B,exact
GUILFORD,G43,G43,exact
GUILFORD,G44,G44,exact
GUILFORD,G45,G45,exact
GUILFORD,G46,G46,exact
GUILFORD,G47,G47,exact
GUILFORD,G48,G48,exact
GUILFORD,G49,G49,exact
GUILFORD,G50,G50,exact
GUILFORD,G51,G51,exact
GUILFORD,G52,G52,exact
GUILFORD,G53,G53,exact
GUILFORD,G54,G54,exact
GUILFORD,G55,G55,exact
GUILFORD,G56,G56,exact
GUILFORD,G57,G57,exact
GUILFORD,G58,G58,exact
GUILFORD,G59,G59,exact
GUILFORD,G60,G60,exact
GUILFORD,G61,G61,exact
GUILFORD,G62,G62,exact
GUILFORD,G63,G63,exact
GUILFORD,G64,G64,exact
GUILFORD,G65,G65,exact
GUILFORD,G66,G66,exact
GUILFORD,G67,G67,exact
GUILFORD,G68,G68,exact
GUILFORD,G69,G69,exact
GUILFORD,G70,G70,exact
GUILFORD,G71,G71,exact
GUILFORD,G72,G72,exact
GUILFORD,G73,G73,exact
GUILFORD,G74,G74,exact
GUILFORD,G75,G75,exact
GUILFORD,GIB,GIB,exact
GUILFORD,GR,GR,exact
GUILFORD,H01,H01,exact
GUILFORD,H02,H02,exact
GUILFORD,H03,H03,exact
GUILFORD,H04,H04,exact
GUILFORD,H05,H05,exact
GUILFORD,H06,H06,exact
GUILFORD,H07,H07,exact
GUILFORD,H08,H08,exact
GUILFORD,H09,H09,exact
GUILFORD,H10,H10,exact
GUILFORD,H11,H11,exact
GUILFORD,H12,H12,exact
GUILFORD,H13,H13,exact
GUILFORD,H14,H14,exact
GUILFORD,H15,H15,exact
GUILFORD,H16,H16,exact
GUILFORD,H17,H17,exact
GUILFORD,H18,H18,exact
GUILFORD,H19A,H19A,exact
GUILFORD,H19B,H19B,exact
GUILFORD,H20A,H20A,exact
GUILFORD,H20B,H20B,exact
GUILFORD,H21,H21,exact
GUILFORD,H22,H22,exact
GUILFORD,H23,H23,exact
GUILFORD,H24,H24,exact
GUILFORD,H25,H25,exact
GUILFORD,H26,H26,exact
GUILFORD,H27-A,H27-A,exact
GUILFORD,H27-B,H27-B,exact
GUILFORD,H28,H28,exact
GUILFORD,H29A,H29A,exact
GUILFORD,H29B,H29B,exact
GUILFORD,JAM1,JAM1,exact
GUILFORD,JAM2,JAM2,exact
GUILFORD,JAM3,JAM3,exact
GUILFORD,JAM4,JAM4,exact
GUILFORD,JAM5,JAM5,exact
GUILFORD,JEF1,JEF1,exact
GUILFORD,JEF2,JEF2,exact
GUILFORD,JEF3,JEF3,exact
GUILFORD,JEF4,JEF4,exact
GUILFORD,MON1,MON1,exact
GUILFORD,MON2A,MON2A,exact
GUILFORD,MON2B,MON2B,exact
GUILFORD,MON3,MON3,exact
GUILFORD,NCGR1,NCGR1,exact
GUILFORD,NCGR2,NCGR2,exact
GUILFORD,NCLAY1,NCLAY1,exact
GUILFORD,NCLAY2,NCLAY2,exact
GUILFORD,NDRI,NDRI,exact
GUILFORD,NMAD,NMAD,exact
GUILFORD,NWASH,NWASH,exact
GUILFORD,OR1,OR1,exact
GUILFORD,OR2,OR2,exact
GUILFORD,PG1,PG1,exact
GUILFORD,PG2,PG2,exact
GUILFORD,RC1,RC1,exact
GUILFORD,RC2,RC2,exact
GUILFORD,SCLAY,SCLAY,exact
GUILFORD,SDRI,SDRI,exact
GUILFORD,SF1,SF1,exact
GUILFORD,SF2,SF2,exact
GUILFORD,SF3,SF3,exact
GUILFORD,SF4,SF4,exact
GUILFORD,SMAD,SMAD,exact
GUILFORD,STOK,STOK,exact
GUILFORD,SUM1,SUM1,exact
GUILFORD,SUM2,SUM2,exact
GUILFORD,SUM3,SUM3,exact
GUILFORD,SUM4,SUM4,exact
GUILFORD,SWASH,SWASH,exact
HALIFAX,BUTWD,BUTWD,exact
HALIFAX,CONC,CONC,exact
HALIFAX,ENF 2,ENF 2,exact
HALIFAX,ENF1,ENF1,exact
HALIFAX,FAUCT,FAUCT,exact
HALIFAX,HAL,HAL,exact
HALIFAX,HOL,HOL,exact
HALIFAX,HPR,HPR,exact
HALIFAX,LIT,LIT,exact
HALIFAX,RINGW,RINGW,exact
HALIFAX,RR 10,RR 10,exact
HALIFAX,RR 11,RR 11,exact
HALIFAX,RR1-2,RR1-2,exact
HALIFAX,RR3-4,RR3-4,exact
HALIFAX,RR7-9,RR7-9,exact
HALIFAX,RRCE,RRCE,exact
HALIFAX,SN,SN,exact
HALIFAX,WEL 3,WEL 3,exact
HALIFAX,WEL1-2,WEL1-2,exact
HARNETT,PR08,PR08,exact
HARNETT,PR23,PR23,exact
HARNETT,PR24,PR24,exact
HARNETT,PR25,PR25,exact
HARNETT,PR26,PR26,exact
HARNETT,PR28,PR28,exact
HARNETT,PR29,PR29,exact
HARNETT,PR32,PR32,exact
HARNETT,PR33,PR33,exact
HARNETT,PR34,PR34,exact
HARNETT,PR35,PR35,exact
HARNETT,PR36,PR36,exact
HARNETT,PR37,PR37,exact
HARNETT,PR38,PR38,exact
HARNETT,PR39,PR39,exact
HAYWOOD,AC,AC,exact
HAYWOOD,BC,BC,exact
HAYWOOD,BE1,BE1,exact
HAYWOOD,BE2,BE2,exact
HAYWOOD,BE3,BE3,exact
HAYWOOD,BE4,BE4,exact
HAYWOOD,BE5-6,BE5-6,exact
HAYWOOD,BE7,BE7,exact
HAYWOOD,CE,CE,exact
HAYWOOD,CLN,CLN,exact
HAYWOOD,CLS,CLS,exact
HAYWOOD,CR,CR,exact
HAYWOOD,EF,EF,exact
HAYWOOD,FC-1,FC-1,exact
HAYWOOD,FC-2,FC-2,exact
HAYWOOD,HA,HA,exact
HAYWOOD,ID,ID,exact
HAYWOOD,IH,IH,exact
HAYWOOD,JC,JC,exact
HAYWOOD,LJ,LJ,exact
HAYWOOD,P,P,exact
HAYWOOD,PC,PC,exact
HAYWOOD,SA,SA,exact
HAYWOOD,WC,WC,exact
HAYWOOD,WE,WE,exact
HAYWOOD,WO,WO,exact
HAYWOOD,WS-1,WS-1,exact
HAYWOOD,WS-2,WS-2,exact
HAYWOOD,WW,WW,exact
HENDERSON,AR,AR,exact
HENDERSON,AT,AT,exact
HENDERSON,BC,BC,exact
HENDERSON,BK,BK,exact
HENDERSON,CB,CB,exact
HENDERSON,CC,CC,exact
HENDERSON,ED,ED,exact
HENDERSON,EF,EF,exact
HENDERSON,ES,ES,exact
HENDERSON,EV,EV,exact
HENDERSON,FL,FL,exact
HENDERSON,FR,FR,exact
HENDERSON,GM,GM,exact
HENDERSON,GR,GR,exact
HENDERSON,HC,HC,exact
HENDERSON,HS,HS,exact
HENDERSON,HV-1,HV-1,exact
HENDERSON,HV-2,HV-2,exact
HENDERSON,HV-3,HV-3,exact
HENDERSON,LJ,LJ,exact
HENDERSON,LP,LP,exact
HENDERSON,MG,MG,exact
HENDERSON,NB,NB,exact
HENDERSON,NE,NE,exact
HENDERSON,NM,NM,exact
HENDERSON,NW,NW,exact
HENDERSON,PR,PR,exact
HENDERSON,PV,PV,exact
HENDERSON,RG,RG,exact
HENDERSON,RR,RR,exact
HENDERSON,SB,SB,exact
HENDERSON,SE,SE,exact
HENDERSON,SM,SM,exact
HENDERSON,SW,SW,exact
HERTFORD,A1,A1,exact
HERTFORD,A2,A2,exact
HERTFORD,A3,A3,exact
HERTFORD,BR,BR,exact
HERTFORD,CM,CM,exact
HERTFORD,CO,CO,exact
HERTFORD,HV,HV,exact
HERTFORD,M1,M1,exact
HERTFORD,M2,M2,exact
HERTFORD,ML,ML,exact
HERTFORD,SJ,SJ,exact
HERTFORD,UN,UN,exact
HERTFORD,WN,WN,exact
HOKE,06B,06B,exact
HOKE,1,01,leading_zero
HOKE,12,12,exact
HOKE,13,13,exact
HOKE,14,14,exact
HOKE,15,15,exact
HOKE,2,02,leading_zero
HOKE,3,03,leading_zero
HOKE,4,04,leading_zero
HOKE,5,05,leading_zero
HOKE,61,61,exact
HOKE,62,62,exact
HOKE,63,63,exact
HOKE,64,64,exact
HOKE,65,65,exact
HYDE,BM,BM,exact
HYDE,ENG,ENG,exact
HYDE,FF,FF,exact
HYDE,LL,LL,exact
HYDE,OCK,OCK,exact
HYDE,SLAD,SLAD,exact
HYDE,SQ,SQ,exact
IREDELL,BA-1,BA-1,exact
IREDELL,BE,BE,exact
IREDELL,CC1,CC1,exact
IREDELL,CC2,CC2,exact
IREDELL,CC3-1,CC3-1,exact
IREDELL,CC4-1,CC4-1,exact
IREDELL,CD,CD,exact
IREDELL,CH-A,CH-A,exact
IREDELL,CH-B,CH-B,exact
IREDELL,CS,CS,exact
IREDELL,DV1A1A,DV1A1A,exact
IREDELL,DV1B-1,DV1B-1,exact
IREDELL,DV2A-1,DV2A-1,exact
IREDELL,DV2B-1,DV2B-1,exact
IREDELL,DV3A,DV3A,exact
IREDELL,EM,EM,exact
IREDELL,FT,FT,exact
IREDELL,NH,NH,exact
IREDELL,OL,OL,exact
IREDELL,SB,SB,exact
IREDELL,SH-A,SH-A,exact
IREDELL,SH-B,SH-B,exact
IREDELL,ST1,ST1,exact
IREDELL,ST2,ST2,exact
IREDELL,ST3,ST3,exact
IREDELL,ST4,ST4,exact
IREDELL,ST5,ST5,exact
IREDELL,ST6,ST6,exact
IREDELL,TB,TB,exact
IREDELL,UG,UG,exact
JACKSON,BCK,BCK,exact
JACKSON,CAN,CAN,exact
JACKSON,CAS,CAS,exact
JACKSON,CFK,CFK,exact
JACKSON,CUL,CUL,exact
JACKSON,GCK,GCK,exact
JACKSON,GLV,GLV,exact
JACKSON,QUA,QUA,exact
JACKSON,RIV,RIV,exact
JACKSON,SAV,SAV,exact
JACKSON,SCC,SCC,exact
JACKSON,SDC,SDC,exact
JACKSON,WEB,WEB,exact
JOHNSTON,PR04,PR04,exact
JOHNSTON,PR07,PR07,exact
JOHNSTON,PR08,PR08,exact
JOHNSTON,PR09,PR09,exact
JOHNSTON,PR10A,PR10A,exact
JOHNSTON,PR10B,PR10B,exact
JOHNSTON,PR11A,PR11A,exact
JOHNSTON,PR11B,PR11B,exact
JOHNSTON,PR12A,PR12A,exact
JOHNSTON,PR12B,PR12B,exact
JOHNSTON,PR13,PR13,exact
JOHNSTON,PR14,PR14,exact
JOHNSTON,PR19,PR19,exact
JOHNSTON,PR20,PR20,exact
JOHNSTON,PR21,PR21,exact
JOHNSTON,PR22,PR22,exact
JOHNSTON,PR23A,PR23A,exact
JOHNSTON,PR23B,PR23B,exact
JOHNSTON,PR24,PR24,exact
JOHNSTON,PR25,PR25,exact
JOHNSTON,PR26,PR26,exact
JOHNSTON,PR27A,PR27A,exact
JOHNSTON,PR27B,PR27B,exact
JOHNSTON,PR28,PR28,exact
JOHNSTON,PR29A,PR29A,exact
JOHNSTON,PR29B,PR29B,exact
JOHNSTON,PR30,PR30,exact
JOHNSTON,PR31A,PR31A,exact
JOHNSTON,PR31B,PR31B,exact
JOHNSTON,PR32,PR32,exact
JOHNSTON,PR33,PR33,exact
JOHNSTON,PR34,PR34,exact
JOHNSTON,PR35,PR35,exact
JOHNSTON,PR36,PR36,exact
JOHNSTON,PR37,PR37,exact
JOHNSTON,PR38,PR38,exact
JONES,P01,P01,exact
JONES,P02,P02,exact
JONES,P03,P03,exact
JONES,P04,P04,exact
JONES,P05,P05,exact
JONES,P06,P06,exact
JONES,P07,P07,exact
LEE,A1,A1,exact
LEE,A2,A2,exact
LEE,B1,B1,exact
LEE,B2,B2,exact
LEE,C1,C1,exact
LEE,C2,C2,exact
LEE,D1,D1,exact
LEE,D2,D2,exact
LEE,E1,E1,exact
LEE,E2,E2,exact
LENOIR,C,C,exact
LENOIR,FC,FC,exact
LENOIR,I,I,exact
LENOIR,K1,K1,exact
LENOIR,K2,K2,exact
LENOIR,K3,K3,exact
LENOIR,K4,K4,exact
LENOIR,K5,K5,exact
LENOIR,K6,K6,exact
LENOIR,K7,K7,exact
LENOIR,K8,K8,exact
LENOIR,K9,K9,exact
LENOIR,MH,MH,exact
LENOIR,N,N,exact
LENOIR,PH1,PH1,exact
LENOIR,PH2,PH2,exact
LENOIR,SH,SH,exact
LENOIR,SW,SW,exact
LENOIR,T1,T1,exact
LENOIR,T2,T2,exact
LENOIR,V,V,exact
LENOIR,W,W,exact
LINCOLN,AS25,AS25,exact
LINCOLN,BC13,BC13,exact
LINCOLN,BS26,BS26,exact
LINCOLN,CF19,CF19,exact
LINCOLN,DN29,DN29,exact
LINCOLN,DV08,DV08,exact
LINCOLN,DW28,DW28,exact
LINCOLN,HC33,HC33,exact
LINCOLN,IS20,IS20,exact
LINCOLN,IS23,IS23,exact
LINCOLN,LB34,LB34,exact
LINCOLN,LI14,LI14,exact
LINCOLN,LN11,LN11,exact
LINCOLN,LS12,LS12,exact
LINCOLN,LW18,LW18,exact
LINCOLN,LW31,LW31,exact
LINCOLN,NB35,NB35,exact
LINCOLN,OB21,OB21,exact
LINCOLN,PC22,PC22,exact
LINCOLN,SL24,SL24,exact
LINCOLN,ST36,ST36,exact
LINCOLN,TA37,TA37,exact
LINCOLN,WP32,WP32,exact
MACON,1,01,leading_zero
MACON,10,10,exact
MACON,11,11,exact
MACON,12,12,exact
MACON,13,13,exact
MACON,14,14,exact
MACON,15,15,exact
MACON,2,02,leading_zero
MACON,3,03,leading_zero
MACON,4,04,leading_zero
MACON,5,05,leading_zero
MACON,6,06,leading_zero
MACON,7,07,leading_zero
MACON,8,08,leading_zero
MACON,9,09,leading_zero
MADISON,BEECH,BEECH,exact
MADISON,EBBS C,EBBS C,exact
MADISON,GRAPEV,GRAPEV,exact
MADISON,HOT SP,HOT SP,exact
MADISON,LAUREL,LAUREL,exact
MADISON,MARS H,MARS H,exact
MADISON,NORTH,NORTH,exact
MADISON,REVERE,REVERE,exact
MADISON,SANDY,SANDY,exact
MADISON,SOUTH,SOUTH,exact
MADISON,SPRING,SPRING,exact
MADISON,WALNUT,WALNUT,exact
MARTIN,BG,BG,exact
MARTIN,CR,CR,exact
MARTIN,GRF,GRF,exact
MARTIN,GSN,GSN,exact
MARTIN,HMT,HMT,exact
MARTIN,JMV,JMV,exact
MARTIN,RBV,RBV,exact
MARTIN,WM1,WM1,exact
MARTIN,WM2,WM2,exact
MCDOWELL,CCREEK,CCREEK,exact
MCDOWELL,DYSART,DYSART,exact
MCDOWELL,FORT 1,FORT 1,exact
MCDOWELL,FORT 2,FORT 2,exact
MCDOWELL,GLENWD,GLENWD,exact
MCDOWELL,HIGGIN,HIGGIN,exact
MCDOWELL,M.COVE,M.COVE,exact
MCDOWELL,MAR 1,MAR 1,exact
MCDOWELL,MAR 2,MAR 2,exact
MCDOWELL,MAR 3,MAR 3,exact
MCDOWELL,MAR 4,MAR 4,exact
MCDOWELL,MAR 5,MAR 5,exact
MCDOWELL,N.COVE,N.COVE,exact
MCDOWELL,NEBO,NEBO,exact
MCDOWELL,PLEASA,PLEASA,exact
MCDOWELL,T.COVE,T.COVE,exact
MCDOWELL,WEST M,WEST M,exact
MECKLENBURG,1,001,leading_zero
MECKLENBURG,10,010,leading_zero
MECKLENBURG,100,100,exact
MECKLENBURG,101,101,exact
MECKLENBURG,102,102,exact
MECKLENBURG,103,103,exact
MECKLENBURG,104,104,exact
MECKLENBURG,105,105,exact
MECKLENBURG,106,106,exact
MECKLENBURG,107.1,107.1,exact
MECKLENBURG,108,108,exact
MECKLENBURG,109,109,exact
MECKLENBURG,11,011,leading_zero
MECKLENBURG,110,110,exact
MECKLENBURG,111,111,exact
MECKLENBURG,112,112,exact
MECKLENBURG,113,113,exact
MECKLENBURG,114,114,exact
MECKLENBURG,115,115,exact
MECKLENBURG,116,116,exact
MECKLENBURG,117,117,exact
MECKLENBURG,118,118,exact
MECKLENBURG,119,119,exact
MECKLENBURG,12,012,leading_zero
MECKLENBURG,120,120,exact
MECKLENBURG,121,121,exact
MECKLENBURG,122,122,exact
MECKLENBURG,123,123,exact
MECKLENBURG,124,124,exact
MECKLENBURG,125,125,exact
MECKLENBURG,126,126,exact
MECKLENBURG,127,127,exact
MECKLENBURG,128,128,exact
MECKLENBURG,129,129,exact
MECKLENBURG,13,013,leading_zero
MECKLENBURG,130,130,exact
MECKLENBURG,131,131,exact
MECKLENBURG,132,132,exact
MECKLENBURG,133,133,exact
MECKLENBURG,134,134,exact
MECKLENBURG,135,135,exact
MECKLENBURG,136,136,exact
MECKLENBURG,137,137,exact
MECKLENBURG,138,138,exact
MECKLENBURG,139.1,139.1,exact
MECKLENBURG,14,014,leading_zero
MECKLENBURG,140,140,exact
MECKLENBURG,141,141,exact
MECKLENBURG,142,142,exact
MECKLENBURG,143,143,exact
MECKLENBURG,144,144,exact
MECKLENBURG,145,145,exact
MECKLENBURG,146,146,exact
MECKLENBURG,147,147,exact
MECKLENBURG,148,148,exact
MECKLENBURG,149,149,exact
MECKLENBURG,15,015,leading_zero
MECKLENBURG,150,150,exact
MECKLENBURG,151,151,exact
MECKLENBURG,16,016,leading_zero
MECKLENBURG,17,017,leading_zero
MECKLENBURG,18,018,leading_zero
MECKLENBURG,19,019,leading_zero
MECKLENBURG,2,002,leading_zero
MECKLENBURG,20,020,leading_zero
MECKLENBURG,200,200,exact
MECKLENBURG,201,201,exact
MECKLENBURG,202,202,exact
MECKLENBURG,203,203,exact
MECKLENBURG,204.1,204.1,exact
MECKLENBURG,205,205,exact
MECKLENBURG,206,206,exact
MECKLENBURG,207,207,exact
MECKLENBURG,208,208,exact
MECKLENBURG,209,209,exact
MECKLENBURG,21,021,leading_zero
MECKLENBURG,210,210,exact
MECKLENBURG,211,211,exact
MECKLENBURG,212,212,exact
MECKLENBURG,213,213,exact
MECKLENBURG,214,214,exact
MECKLENBURG,215,215,exact
MECKLENBURG,216,216,exact
MECKLENBURG,217,217,exact
MECKLENBURG,218,218,exact
MECKLENBURG,219,219,exact
MECKLENBURG,22,022,leading_zero
MECKLENBURG,220,220,exact
MECKLENBURG,221,221,exact
MECKLENBURG,222,222,exact
MECKLENBURG,223.1,223.1,exact
MECKLENBURG,224,224,exact
MECKLENBURG,225,225,exact
MECKLENBURG,226,226,exact
MECKLENBURG,227,227,exact
MECKLENBURG,228,228,exact
MECKLENBURG,229,229,exact
MECKLENBURG,23,023,leading_zero
MECKLENBURG,230,230,exact
MECKLENBURG,231,231,exact
MECKLENBURG,232,232,exact
MECKLENBURG,233,233,exact
MECKLENBURG,234,234,exact
MECKLENBURG,235,235,exact
MECKLENBURG,236,236,exact
MECKLENBURG,237,237,exact
MECKLENBURG,238.1,238.1,exact
MECKLENBURG,239,239,exact
MECKLENBURG,24,024,leading_zero
MECKLENBURG,240,240,exact
MECKLENBURG,241,241,exact
MECKLENBURG,242,242,exact
MECKLENBURG,243,243,exact
MECKLENBURG,25,025,leading_zero
MECKLENBURG,26,026,leading_zero
MECKLENBURG,27,027,leading_zero
MECKLENBURG,28,028,leading_zero
MECKLENBURG,29,029,leading_zero
MECKLENBURG,3,003,leading_zero
MECKLENBURG,30,030,leading_zero
MECKLENBURG,31,031,leading_zero
MECKLENBURG,32,032,leading_zero
MECKLENBURG,33,033,leading_zero
MECKLENBURG,34,034,leading_zero
MECKLENBURG,35,035,leading_zero
MECKLENBURG,36,036,leading_zero
MECKLENBURG,37,037,leading_zero
MECKLENBURG,38,038,leading_zero
MECKLENBURG,39,039,leading_zero
MECKLENBURG,4,004,leading_zero
MECKLENBURG,40,040,leading_zero
MECKLENBURG,41,041,leading_zero
MECKLENBURG,42,042,leading_zero
MECKLENBURG,43,043,leading_zero
MECKLENBURG,44,044,leading_zero
MECKLENBURG,45,045,leading_zero
MECKLENBURG,46,046,leading_zero
MECKLENBURG,47,047,leading_zero
MECKLENBURG,48,048,leading_zero
MECKLENBURG,49,049,leading_zero
MECKLENBURG,5,005,leading_zero
MECKLENBURG,50,050,leading_zero
MECKLENBURG,51,051,leading_zero
MECKLENBURG,52,052,leading_zero
MECKLENBURG,53,053,leading_zero
MECKLENBURG,54,054,leading_zero
MECKLENBURG,55,055,leading_zero
MECKLENBURG,56,056,leading_zero
MECKLENBURG,57,057,leading_zero
MECKLENBURG,58,058,leading_zero
MECKLENBURG,59,059,leading_zero
MECKLENBURG,6,006,leading_zero
MECKLENBURG,60,060,leading_zero
MECKLENBURG,61,061,leading_zero
MECKLENBURG,62,062,leading_zero
MECKLENBURG,63,063,leading_zero
MECKLENBURG,64,064,leading_zero
MECKLENBURG,65,065,leading_zero
MECKLENBURG,66,066,leading_zero
MECKLENBURG,67,067,leading_zero
MECKLENBURG,68,068,leading_zero
MECKLENBURG,69,069,leading_zero
MECKLENBURG,7,007,leading_zero
MECKLENBURG,70,070,leading_zero
MECKLENBURG,71,071,leading_zero
MECKLENBURG,72,072,leading_zero
MECKLENBURG,73,073,leading_zero
MECKLENBURG,74,074,leading_zero
MECKLENBURG,75,075,leading_zero
MECKLENBURG,76,076,leading_zero
MECKLENBURG,77,077,leading_zero
MECKLENBURG,78.1,078.1,decimal_leading_zero
MECKLENBURG,79,079,leading_zero
MECKLENBURG,8,008,leading_zero
MECKLENBURG,80,080,leading_zero
MECKLENBURG,81,081,leading_zero
MECKLENBURG,82,082,leading_zero
MECKLENBURG,83,083,leading_zero
MECKLENBURG,84,084,leading_zero
MECKLENBURG,85,085,leading_zero
MECKLENBURG,86,086,leading_zero
MECKLENBURG,87,087,leading_zero
MECKLENBURG,88,088,leading_zero
MECKLENBURG,89,089,leading_zero
MECKLENBURG,9,009,leading_zero
MECKLENBURG,90,090,leading_zero
MECKLENBURG,91,091,leading_zero
MECKLENBURG,92,092,leading_zero
MECKLENBURG,93,093,leading_zero
MECKLENBURG,94,094,leading_zero
MECKLENBURG,95,095,leading_zero
MECKLENBURG,96,096,leading_zero
MECKLENBURG,97,097,leading_zero
MECKLENBURG,98,098,leading_zero
MECKLENBURG,99,099,leading_zero
MITCHELL,01-A,01-A,exact
MITCHELL,2,02,leading_zero
MITCHELL,3,03,leading_zero
MITCHELL,4,04,leading_zero
MITCHELL,5,05,leading_zero
MITCHELL,6,06,leading_zero
MITCHELL,7,07,leading_zero
MITCHELL,9,09,leading_zero
MONTGOMERY,BIS,BIS,exact
MONTGOMERY,CAN,CAN,exact
MONTGOMERY,CHE,CHE,exact
MONTGOMERY,ELD,ELD,exact
MONTGOMERY,LIT,LIT,exact
MONTGOMERY,MTG,MTG,exact
MONTGOMERY,OPH,OPH,exact
MONTGOMERY,PEE,PEE,exact
MONTGOMERY,ROC,ROC,exact
MONTGOMERY,STA,STA,exact
MONTGOMERY,T1,T1,exact
MONTGOMERY,T2,T2,exact
MONTGOMERY,UWH,UWH,exact
MONTGOMERY,WAD,WAD,exact
MOORE,BEN,BEN,exact
MOORE,CAM,CAM,exact
MOORE,CAR,CAR,exact
MOORE,DHR,DHR,exact
MOORE,EAB,EAB,exact
MOORE,EKWD,EKWD,exact
MOORE,EUR-WP,EUR-WP,exact
MOORE,EWD,EWD,exact
MOORE,LTR,LTR,exact
MOORE,NSP,NSP,exact
MOORE,PBF,PBF,exact
MOORE,PDN,PDN,exact
MOORE,PHA1,PHA1,exact
MOORE,PHA2,PHA2,exact
MOORE,PHB1A,PHB1A,exact
MOORE,PHB2,PHB2,exact
MOORE,PHC,PHC,exact
MOORE,RBN,RBN,exact
MOORE,SLS,SLS,exact
MOORE,SSP,SSP,exact
MOORE,TLT,TLT,exact
MOORE,VSS,VSS,exact
MOORE,WAB,WAB,exact
MOORE,WEM,WEM,exact
MOORE,WKWD1,WKWD1,exact
MOORE,WND,WND,exact
NASH,P01A,P01A,exact
NASH,P02A,P02A,exact
NASH,P03A,P03A,exact
NASH,P04A,P04A,exact
NASH,P05A,P05A,exact
NASH,P06A,P06A,exact
NASH,P07A,P07A,exact
NASH,P08A,P08A,exact
NASH,P09A,P09A,exact
NASH,P10A,P10A,exact
NASH,P11A,P11A,exact
NASH,P12A,P12A,exact
NASH,P13A,P13A,exact
NASH,P14A,P14A,exact
NASH,P15A,P15A,exact
NASH,P16A,P16A,exact
NASH,P17A,P17A,exact
NASH,P18A,P18A,exact
NASH,P19A,P19A,exact
NASH,P20A,P20A,exact
NASH,P21A,P21A,exact
NASH,P22A,P22A,exact
NASH,P23A,P23A,exact
NASH,P24A,P24A,exact
NEW HANOVER,CF01,CF01,exact
NEW HANOVER,CF02,CF02,exact
NEW HANOVER,CF05,CF05,exact
NEW HANOVER,CF06,CF06,exact
NEW HANOVER,FP03,FP03,exact
NEW HANOVER,FP04,FP04,exact
NEW HANOVER,FP06,FP06,exact
NEW HANOVER,FP07,FP07,exact
NEW HANOVER,FP08,FP08,exact
NEW HANOVER,H01,H01,exact
NEW HANOVER,H02,H02,exact
NEW HANOVER,H04,H04,exact
NEW HANOVER,H05,H05,exact
NEW HANOVER,H06,H06,exact
NEW HANOVER,H08,H08,exact
NEW HANOVER,H10,H10,exact
NEW HANOVER,H11,H11,exact
NEW HANOVER,H12,H12,exact
NEW HANOVER,H13,H13,exact
NEW HANOVER,M02,M02,exact
NEW HANOVER,M03,M03,exact
NEW HANOVER,M04,M04,exact
NEW HANOVER,M06,M06,exact
NEW HANOVER,M07,M07,exact
NEW HANOVER,W03,W03,exact
NEW HANOVER,W08,W08,exact
NEW HANOVER,W12,W12,exact
NEW HANOVER,W15,W15,exact
NEW HANOVER,W16,W16,exact
NEW HANOVER,W17,W17,exact
NEW HANOVER,W21,W21,exact
NEW HANOVER,W25,W25,exact
NEW HANOVER,W26,W26,exact
NEW HANOVER,W27,W27,exact
NEW HANOVER,W29,W29,exact
NEW HANOVER,W30,W30,exact
NEW HANOVER,W31,W31,exact
NEW HANOVER,W33,W33,exact
NEW HANOVER,W34,W34,exact
NEW HANOVER,W35,W35,exact
NEW HANOVER,WB,WB,exact
NORTHAMPTON,COMIPE,COMIPE,exact
NORTHAMPTON,CREEKS,CREEKS,exact
NORTHAMPTON,GALATI,GALATI,exact
NORTHAMPTON,GAPL,GAPL,exact
NORTHAMPTON,GASTON,GASTON,exact
NORTHAMPTON,JARE,JARE,exact
NORTHAMPTON,LAKE G,LAKE G,exact
NORTHAMPTON,LASKER,LASKER,exact
NORTHAMPTON,NEWTOW,NEWTOW,exact
NORTHAMPTON,RICH S,RICH S,exact
NORTHAMPTON,SEABOA,SEABOA,exact
NORTHAMPTON,SEVERN,SEVERN,exact
NORTHAMPTON,WOPO,WOPO,exact
ONSLOW,BC21,BC21,exact
ONSLOW,BM08,BM08,exact
ONSLOW,CL10,CL10,exact
ONSLOW,CR07,CR07,exact
ONSLOW,EN03,EN03,exact
ONSLOW,FS16,FS16,exact
ONSLOW,GB12,GB12,exact
ONSLOW,HM05,HM05,exact
ONSLOW,HN14,HN14,exact
ONSLOW,HR17,HR17,exact
ONSLOW,HU20,HU20,exact
ONSLOW,JA01,JA01,exact
ONSLOW,ML23,ML23,exact
ONSLOW,MT24,MT24,exact
ONSLOW,NE22A,NE22A,exact
ONSLOW,NE22B,NE22B,exact
ONSLOW,NM13,NM13,exact
ONSLOW,NR02,NR02,exact
ONSLOW,RL09,RL09,exact
ONSLOW,SF18,SF18,exact
ONSLOW,SW19,SW19,exact
ONSLOW,TL06,TL06,exact
ONSLOW,VR15,VR15,exact
ONSLOW,WN04,WN04,exact
ORANGE,CA,CA,exact
ORANGE,CB1,CB1,exact
ORANGE,CF1,CF1,exact
ORANGE,CG,CG,exact
ORANGE,CH,CH,exact
ORANGE,CO,CO,exact
ORANGE,CS1,CS1,exact
ORANGE,CW,CW,exact
ORANGE,CX,CX,exact
ORANGE,DA,DA,exact
ORANGE,DM,DM,exact
ORANGE,EA1,EA1,exact
ORANGE,EF,EF,exact
ORANGE,EH,EH,exact
ORANGE,ENO,ENO,exact
ORANGE,ES,ES,exact
ORANGE,GB,GB,exact
ORANGE,GL,GL,exact
ORANGE,H,H,exact
ORANGE,HE,HE,exact
ORANGE,HF,HF,exact
ORANGE,HN,HN,exact
ORANGE,KM,KM,exact
ORANGE,NC,NC,exact
ORANGE,NS,NS,exact
ORANGE,OG,OG,exact
ORANGE,OW1,OW1,exact
ORANGE,PA,PA,exact
ORANGE,RE,RE,exact
ORANGE,RF,RF,exact
ORANGE,SJ,SJ,exact
ORANGE,SM,SM,exact
ORANGE,TH1,TH1,exact
ORANGE,TO,TO,exact
ORANGE,UNC,UNC,exact
ORANGE,WC,WC,exact
ORANGE,WD,WD,exact
ORANGE,WDS,WDS,exact
ORANGE,WH,WH,exact
ORANGE,WW1,WW1,exact
PAMLICO,1CR,1CR,exact
PAMLICO,1RB,1RB,exact
PAMLICO,2OT,2OT,exact
PAMLICO,3CH,3CH,exact
PAMLICO,4BR,4BR,exact
PAMLICO,5AP,5AP,exact
PASQUOTANK,EAST,EAST,exact
PASQUOTANK,MH,MH,exact
PASQUOTANK,NEW,NEW,exact
PASQUOTANK,NIX,NIX,exact
PASQUOTANK,NORTH,NORTH,exact
PASQUOTANK,PRO,PRO,exact
PASQUOTANK,SAL,SAL,exact
PASQUOTANK,SOUTH,SOUTH,exact
PASQUOTANK,WEST,WEST,exact
PENDER,BW01,BW01,exact
PENDER,CL05,CL05,exact
PENDER,LT18,LT18,exact
PENDER,MC07,MC07,exact
PENDER,MT19,MT19,exact
PENDER,PL18,PL18,exact
PENDER,RP21,RP21,exact
PENDER,SC13,SC13,exact
PENDER,SH12,SH12,exact
PENDER,SP15,SP15,exact
PENDER,UH08,UH08,exact
PENDER,UT14,UT14,exact
PERQUIMANS,BELVID,BELVID,exact
PERQUIMANS,BETHEL,BETHEL,exact
PERQUIMANS,EAST H,EAST H,exact
PERQUIMANS,NEW HO,NEW HO,exact
PERQUIMANS,NICANO,NICANO,exact
PERQUIMANS,PARKVI,PARKVI,exact
PERQUIMANS,WEST H,WEST H,exact
PERSON,ALVI,ALVI,exact
PERSON,CUCL,CUCL,exact
PERSON,FLHE,FLHE,exact
PERSON,HLWY,HLWY,exact
PERSON,MTTZ,MTTZ,exact
PERSON,OLHI,OLHI,exact
PERSON,PNTH,PNTH,exact
PERSON,RCOB,RCOB,exact
PERSON,ROXL,ROXL,exact
PERSON,SWST,SWST,exact
PERSON,WDSD,WDSD,exact
PITT,0200A,0200A,exact
PITT,0200B,0200B,exact
PITT,0800A,0800A,exact
PITT,0800B,0800B,exact
PITT,1001,1001,exact
PITT,101,0101,leading_zero
PITT,1101,1101,exact
PITT,1102A,1102A,exact
PITT,1102B,1102B,exact
PITT,1201,1201,exact
PITT,1301,1301,exact
PITT,1403A1,1403A1,exact
PITT,1403A2,1403A2,exact
PITT,1403B,1403B,exact
PITT,1501,1501,exact
PITT,1503,1503,exact
PITT,1504A,1504A,exact
PITT,1504B,1504B,exact
PITT,1505A,1505A,exact
PITT,1505B,1505B,exact
PITT,1506,1506,exact
PITT,1507,1507,exact
PITT,1507B,1507B,exact
PITT,1508A,1508A,exact
PITT,1508B,1508B,exact
PITT,1509,1509,exact
PITT,1510A,1510A,exact
PITT,1510B,1510B,exact
PITT,1511A,1511A,exact
PITT,1511B,1511B,exact
PITT,1512A,1512A,exact
PITT,1512B,1512B,exact
PITT,1513A,1513A,exact
PITT,1513B,1513B,exact
PITT,301,0301,leading_zero
PITT,401,0401,leading_zero
PITT,501,0501,leading_zero
PITT,601,0601,leading_zero
PITT,701,0701,leading_zero
PITT,901,0901,leading_zero
POLK,CG05,CG05,exact
POLK,CL07,CL07,exact
POLK,CL08,CL08,exact
POLK,GC09,GC09,exact
POLK,SA04,SA04,exact
POLK,TR123,TR123,exact
POLK,WO06,WO06,exact
RANDOLPH,AE,AE,exact
RANDOLPH,AN,AN,exact
RANDOLPH,AR,AR,exact
RANDOLPH,AS,AS,exact
RANDOLPH,AW,AW,exact
RANDOLPH,BC,BC,exact
RANDOLPH,DR,DR,exact
RANDOLPH,GR,GR,exact
RANDOLPH,LB,LB,exact
RANDOLPH,LC,LC,exact
RANDOLPH,NM,NM,exact
RANDOLPH,PR,PR,exact
RANDOLPH,RM,RM,exact
RANDOLPH,RN,RN,exact
RANDOLPH,SE,SE,exact
RANDOLPH,SO,SO,exact
RANDOLPH,ST,ST,exact
RANDOLPH,SW,SW,exact
RANDOLPH,TB,TB,exact
RANDOLPH,TR,TR,exact
RANDOLPH,TT,TT,exact
RANDOLPH,UG,UG,exact
RICHMOND,1,01,leading_zero
RICHMOND,10,10,exact
RICHMOND,14,14,exact
RICHMOND,2,02,leading_zero
RICHMOND,21,21,exact
RICHMOND,22,22,exact
RICHMOND,23,23,exact
RICHMOND,24,24,exact
RICHMOND,25,25,exact
RICHMOND,8,08,leading_zero
RICHMOND,9,09,leading_zero
ROBESON,05A,05A,exact
ROBESON,1,01,leading_zero
ROBESON,10,10,exact
ROBESON,11,11,exact
ROBESON,11A,11A,exact
ROBESON,12,12,exact
ROBESON,13,13,exact
ROBESON,14,14,exact
ROBESON,15,15,exact
ROBESON,16,16,exact
ROBESON,17,17,exact
ROBESON,18A,18A,exact
ROBESON,19,19,exact
ROBESON,2,02,leading_zero
ROBESON,20,20,exact
ROBESON,21,21,exact
ROBESON,22,22,exact
ROBESON,23,23,exact
ROBESON,24,24,exact
ROBESON,25,25,exact
ROBESON,26A,26A,exact
ROBESON,28,28,exact
ROBESON,29,29,exact
ROBESON,3,03,leading_zero
ROBESON,30,30,exact
ROBESON,32A,32A,exact
ROBESON,33,33,exact
ROBESON,34,34,exact
ROBESON,35,35,exact
ROBESON,36,36,exact
ROBESON,37,37,exact
ROBESON,38,38,exact
ROBESON,39,39,exact
ROBESON,4,04,leading_zero
ROBESON,40,40,exact
ROBESON,41,41,exact
ROBESON,7,07,leading_zero
ROBESON,8,08,leading_zero
ROBESON,9,09,leading_zero
ROCKINGHAM,DR,DR,exact
ROCKINGHAM,EC,EC,exact
ROCKINGHAM,ED,ED,exact
ROCKINGHAM,HO-1,HO-1,exact
ROCKINGHAM,HU-1,HU-1,exact
ROCKINGHAM,LI-1,LI-1,exact
ROCKINGHAM,MO,MO,exact
ROCKINGHAM,NB,NB,exact
ROCKINGHAM,RC,RC,exact
ROCKINGHAM,RE-1,RE-1,exact
ROCKINGHAM,RE-2,RE-2,exact
ROCKINGHAM,ST,ST,exact
ROCKINGHAM,WI,WI,exact
ROCKINGHAM,WS-1,WS-1,exact
ROWAN,05A,05A,exact
ROWAN,1,01,leading_zero
ROWAN,10,10,exact
ROWAN,11,11,exact
ROWAN,12,12,exact
ROWAN,13,13,exact
ROWAN,14A,14A,exact
ROWAN,15,15,exact
ROWAN,16,16,exact
ROWAN,17,17,exact
ROWAN,18,18,exact
ROWAN,19A,19A,exact
ROWAN,2,02,leading_zero
ROWAN,21,21,exact
ROWAN,22,22,exact
ROWAN,23,23,exact
ROWAN,24,24,exact
ROWAN,25,25,exact
ROWAN,26,26,exact
ROWAN,27,27,exact
ROWAN,28,28,exact
ROWAN,29,29,exact
ROWAN,3,03,leading_zero
ROWAN,30,30,exact
ROWAN,31,31,exact
ROWAN,32,32,exact
ROWAN,33,33,exact
ROWAN,34,34,exact
ROWAN,35,35,exact
ROWAN,36,36,exact
ROWAN,38,38,exact
ROWAN,39,39,exact
ROWAN,4,04,leading_zero
ROWAN,40,40,exact
ROWAN,41,41,exact
ROWAN,42,42,exact
ROWAN,44,44,exact
ROWAN,45,45,exact
ROWAN,7,07,leading_zero
ROWAN,8,08,leading_zero
ROWAN,9,09,leading_zero
RUTHERFORD,03A,03A,exact
RUTHERFORD,04A,04A,exact
RUTHERFORD,05A,05A,exact
RUTHERFORD,06A,06A,exact
RUTHERFORD,09A,09A,exact
RUTHERFORD,10A,10A,exact
RUTHERFORD,11,11,exact
RUTHERFORD,13,13,exact
RUTHERFORD,14,14,exact
RUTHERFORD,16A,16A,exact
RUTHERFORD,18,18,exact
RUTHERFORD,19,19,exact
RUTHERFORD,27,27,exact
RUTHERFORD,28,28,exact
RUTHERFORD,29,29,exact
RUTHERFORD,30,30,exact
RUTHERFORD,34,34,exact
SAMPSON,AUTR,AUTR,exact
SAMPSON,CLCE,CLCE,exact
SAMPSON,CLEA,CLEA,exact
SAMPSON,CLEM,CLEM,exact
SAMPSON,CLNE,CLNE,exact
SAMPSON,CLSW,CLSW,exact
SAMPSON,CLWE,CLWE,exact
SAMPSON,GARL,GARL,exact
SAMPSON,GIDD,GIDD,exact
SAMPSON,HARR,HARR,exact
SAMPSON,HERR,HERR,exact
SAMPSON,INGO,INGO,exact
SAMPSON,KEEN,KEEN,exact
SAMPSON,KFRK,KFRK,exact
SAMPSON,LAKE,LAKE,exact
SAMPSON,MING,MING,exact
SAMPSON,NGRV,NGRV,exact
SAMPSON,PLVW,PLVW,exact
SAMPSON,ROSE,ROSE,exact
SAMPSON,ROWA,ROWA,exact
SAMPSON,SBRG,SBRG,exact
SAMPSON,TURK,TURK,exact
SAMPSON,WBRK,WBRK,exact
SCOTLAND,01-16,01-16,exact
SCOTLAND,02-25,02-25,exact
SCOTLAND,05-10,05-10,exact
SCOTLAND,06-89,06-89,exact
SCOTLAND,3,03,leading_zero
SCOTLAND,4,04,leading_zero
SCOTLAND,7,07,leading_zero
STANLY,107,0107,leading_zero
STANLY,108,0108,leading_zero
STANLY,11,0011,leading_zero
STANLY,110,0110,leading_zero
STANLY,113,0113,leading_zero
STANLY,120,0120,leading_zero
STANLY,126,0126,leading_zero
STANLY,127,0127,leading_zero
STANLY,14,0014,leading_zero
STANLY,15,0015,leading_zero
STANLY,16,0016,leading_zero
STANLY,17,0017,leading_zero
STANLY,18,0018,leading_zero
STANLY,19,0019,leading_zero
STANLY,21,0021,leading_zero
STANLY,212,0212,leading_zero
STANLY,22,0022,leading_zero
STANLY,23,0023,leading_zero
STANLY,24,0024,leading_zero
STANLY,25,0025,leading_zero
STANLY,3,0003,leading_zero
STOKES,1,01,leading_zero
STOKES,10,10,exact
STOKES,11,11,exact
STOKES,12,12,exact
STOKES,13,13,exact
STOKES,140,140,exact
STOKES,150,150,exact
STOKES,1618,1618,exact
STOKES,17,17,exact
STOKES,1819,1819,exact
STOKES,2,02,leading_zero
STOKES,20,20,exact
STOKES,3,03,leading_zero
STOKES,4,04,leading_zero
STOKES,506,0506,leading_zero
STOKES,7,07,leading_zero
STOKES,8,08,leading_zero
STOKES,9,09,leading_zero
SURRY,1,01,leading_zero
SURRY,10,10,exact
SURRY,11,11,exact
SURRY,12,12,exact
SURRY,15,15,exact
SURRY,16,16,exact
SURRY,17,17,exact
SURRY,18,18,exact
SURRY,19,19,exact
SURRY,22,22,exact
SURRY,23,23,exact
SURRY,24,24,exact
SURRY,25,25,exact
SURRY,26,26,exact
SURRY,27,27,exact
SURRY,28,28,exact
SURRY,29,29,exact
SURRY,30,30,exact
SURRY,32,32,exact
SURRY,34,34,exact
SURRY,4,04,leading_zero
SURRY,5,05,leading_zero
SURRY,9,09,leading_zero
SWAIN,ALARKA,ALARKA,exact
SWAIN,ALMOND,ALMOND,exact
SWAIN,BC1,BC1,exact
SWAIN,BC2,BC2,exact
SWAIN,WHCH,WHCH,exact
TRANSYLVANIA,B1,B1,exact
TRANSYLVANIA,B2,B2,exact
TRANSYLVANIA,B3,B3,exact
TRANSYLVANIA,B4,B4,exact
TRANSYLVANIA,BD,BD,exact
TRANSYLVANIA,CC.1,CC.1,exact
TRANSYLVANIA,CM,CM,exact
TRANSYLVANIA,DR,DR,exact
TRANSYLVANIA,EF,EF,exact
TRANSYLVANIA,LR,LR,exact
TRANSYLVANIA,PF,PF,exact
TRANSYLVANIA,RE.1,RE.1,exact
TRANSYLVANIA,TC1,TC1,exact
TRANSYLVANIA,TC7,TC7,exact
TRANSYLVANIA,WC,WC,exact
TYRRELL,1,1,exact
TYRRELL,14,14,exact
TYRRELL,15,15,exact
TYRRELL,16,16,exact
TYRRELL,2,2,exact
TYRRELL,3,3,exact
UNION,0020A,0020A,exact
UNION,0020B,0020B,exact
UNION,017A,017A,exact
UNION,017B,017B,exact
UNION,028A,028A,exact
UNION,028B,028B,exact
UNION,028C,028C,exact
UNION,028D,028D,exact
UNION,029A,029A,exact
UNION,029B,029B,exact
UNION,029C,029C,exact
UNION,037A,037A,exact
UNION,037B,037B,exact
UNION,038A,038A,exact
UNION,038B,038B,exact
UNION,1,001,leading_zero
UNION,10,010,leading_zero
UNION,11,011,leading_zero
UNION,12,012,leading_zero
UNION,13,013,leading_zero
UNION,14,014,leading_zero
UNION,15,015,leading_zero
UNION,16,016,leading_zero
UNION,18,018,leading_zero
UNION,19,0019,leading_zero
UNION,2,002,leading_zero
UNION,21,021,leading_zero
UNION,22,022,leading_zero
UNION,23,023,leading_zero
UNION,24,024,leading_zero
UNION,25,025,leading_zero
UNION,26,026,leading_zero
UNION,27,027,leading_zero
UNION,3,003,leading_zero
UNION,30,0030,leading_zero
UNION,31,031,leading_zero
UNION,32,032,leading_zero
UNION,33,033,leading_zero
UNION,34,034,leading_zero
UNION,35,035,leading_zero
UNION,36,036,leading_zero
UNION,39,039,leading_zero
UNION,4,004,leading_zero
UNION,40,040,leading_zero
UNION,41,041,leading_zero
UNION,42,042,leading_zero
UNION,43,043,leading_zero
UNION,44,0044,leading_zero
UNION,45,0045,leading_zero
UNION,5,0005,leading_zero
UNION,6,006,leading_zero
UNION,7,007,leading_zero
UNION,8,008,leading_zero
UNION,9,009,leading_zero
VANCE,CC,CC,exact
VANCE,CH,CH,exact
VANCE,KITT,KITT,exact
VANCE,MIDD,MIDD,exact
VANCE,NH,NH,exact
VANCE,NV,NV,exact
VANCE,SCRK,SCRK,exact
VANCE,SH,SH,exact
VANCE,WH,WH,exact
WAKE,01-01,01-01,exact
WAKE,01-02,01-02,exact
WAKE,01-03,01-03,exact
WAKE,01-04,01-04,exact
WAKE,01-05,01-05,exact
WAKE,01-06,01-06,exact
WAKE,01-07,01-07,exact
WAKE,01-09,01-09,exact
WAKE,01-10,01-10,exact
WAKE,01-11,01-11,exact
WAKE,01-12,01-12,exact
WAKE,01-13,01-13,exact
WAKE,01-14,01-14,exact
WAKE,01-15,01-15,exact
WAKE,01-16,01-16,exact
WAKE,01-17,01-17,exact
WAKE,01-18,01-18,exact
WAKE,01-19,01-19,exact
WAKE,01-20,01-20,exact
WAKE,01-21,01-21,exact
WAKE,01-22,01-22,exact
WAKE,01-23,01-23,exact
WAKE,01-25,01-25,exact
WAKE,01-26,01-26,exact
WAKE,01-27,01-27,exact
WAKE,01-28,01-28,exact
WAKE,01-29,01-29,exact
WAKE,01-30,01-30,exact
WAKE,01-31,01-31,exact
WAKE,01-32,01-32,exact
WAKE,01-33,01-33,exact
WAKE,01-34,01-34,exact
WAKE,01-35,01-35,exact
WAKE,01-36,01-36,exact
WAKE,01-37,01-37,exact
WAKE,01-38,01-38,exact
WAKE,01-39,01-39,exact
WAKE,01-40,01-40,exact
WAKE,01-41,01-41,exact
WAKE,01-42,01-42,exact
WAKE,01-43,01-43,exact
WAKE,01-44,01-44,exact
WAKE,01-45,01-45,exact
WAKE,01-46,01-46,exact
WAKE,01-47,01-47,exact
WAKE,01-48,01-48,exact
WAKE,01-49,01-49,exact
WAKE,01-50,01-50,exact
WAKE,01-51,01-51,exact
WAKE,02-01,02-01,exact
WAKE,02-02,02-02,exact
WAKE,02-03,02-03,exact
WAKE,02-04,02-04,exact
WAKE,02-05,02-05,exact
WAKE,02-06,02-06,exact
WAKE,03-01,03-01,exact
WAKE,03-02,03-02,exact
WAKE,04-01,04-01,exact
WAKE,04-02,04-02,exact
WAKE,04-03,04-03,exact
WAKE,04-04,04-04,exact
WAKE,04-05,04-05,exact
WAKE,04-06,04-06,exact
WAKE,04-07,04-07,exact
WAKE,04-08,04-08,exact
WAKE,04-09,04-09,exact
WAKE,04-10,04-10,exact
WAKE,04-11,04-11,exact
WAKE,04-12,04-12,exact
WAKE,04-13,04-13,exact
WAKE,04-14,04-14,exact
WAKE,04-15,04-15,exact
WAKE,04-16,04-16,exact
WAKE,04-17,04-17,exact
WAKE,04-18,04-18,exact
WAKE,04-19,04-19,exact
WAKE,04-20,04-20,exact
WAKE,04-21,04-21,exact
WAKE,05-01,05-01,exact
WAKE,05-03,05-03,exact
WAKE,05-05,05-05,exact
WAKE,05-06,05-06,exact
WAKE,05-08,05-08,exact
WAKE,05-09,05-09,exact
WAKE,05-10,05-10,exact
WAKE,06-04,06-04,exact
WAKE,06-05,06-05,exact
WAKE,06-06,06-06,exact
WAKE,06-07,06-07,exact
WAKE,06-08,06-08,exact
WAKE,06-10,06-10,exact
WAKE,06-11,06-11,exact
WAKE,06-12,06-12,exact
WAKE,07-01,07-01,exact
WAKE,07-02,07-02,exact
WAKE,07-03,07-03,exact
WAKE,07-04,07-04,exact
WAKE,07-05,07-05,exact
WAKE,07-06,07-06,exact
WAKE,07-07,07-07,exact
WAKE,07-09,07-09,exact
WAKE,07-10,07-10,exact
WAKE,07-11,07-11,exact
WAKE,07-12,07-12,exact
WAKE,07-13,07-13,exact
WAKE,08-02,08-02,exact
WAKE,08-03,08-03,exact
WAKE,08-04,08-04,exact
WAKE,08-05,08-05,exact
WAKE,08-06,08-06,exact
WAKE,08-07,08-07,exact
WAKE,08-08,08-08,exact
WAKE,08-09,08-09,exact
WAKE,08-10,08-10,exact
WAKE,08-11,08-11,exact
WAKE,09-01,09-01,exact
WAKE,09-02,09-02,exact
WAKE,09-03,09-03,exact
WAKE,10-01,10-01,exact
WAKE,10-02,10-02,exact
WAKE,10-03,10-03,exact
WAKE,10-05,10-05,exact
WAKE,10-06,10-06,exact
WAKE,11-01,11-01,exact
WAKE,11-02,11-02,exact
WAKE,12-02,12-02,exact
WAKE,12-04,12-04,exact
WAKE,12-06,12-06,exact
WAKE,12-07,12-07,exact
WAKE,12-08,12-08,exact
WAKE,12-09,12-09,exact
WAKE,12-10,12-10,exact
WAKE,12-11,12-11,exact
WAKE,12-12,12-12,exact
WAKE,12-13,12-13,exact
WAKE,13-02,13-02,exact
WAKE,13-05,13-05,exact
WAKE,13-06,13-06,exact
WAKE,13-07,13-07,exact
WAKE,13-08,13-08,exact
WAKE,13-09,13-09,exact
WAKE,13-10,13-10,exact
WAKE,13-11,13-11,exact
WAKE,13-12,13-12,exact
WAKE,13-13,13-13,exact
WAKE,14-01,14-01,exact
WAKE,14-02,14-02,exact
WAKE,15-01,15-01,exact
WAKE,15-02,15-02,exact
WAKE,15-03,15-03,exact
WAKE,15-04,15-04,exact
WAKE,16-01,16-01,exact
WAKE,16-02,16-02,exact
WAKE,16-03,16-03,exact
WAKE,16-04,16-04,exact
WAKE,16-05,16-05,exact
WAKE,16-06,16-06,exact
WAKE,16-07,16-07,exact
WAKE,16-09,16-09,exact
WAKE,16-10,16-10,exact
WAKE,16-11,16-11,exact
WAKE,17-01,17-01,exact
WAKE,17-02,17-02,exact
WAKE,17-03,17-03,exact
WAKE,17-05,17-05,exact
WAKE,17-06,17-06,exact
WAKE,17-07,17-07,exact
WAKE,17-09,17-09,exact
WAKE,17-10,17-10,exact
WAKE,17-11,17-11,exact
WAKE,17-12,17-12,exact
WAKE,17-13,17-13,exact
WAKE,17-15,17-15,exact
WAKE,17-16,17-16,exact
WAKE,17-17,17-17,exact
WAKE,18-01,18-01,exact
WAKE,18-02,18-02,exact
WAKE,18-03,18-03,exact
WAKE,18-04,18-04,exact
WAKE,18-05,18-05,exact
WAKE,18-06,18-06,exact
WAKE,18-07,18-07,exact
WAKE,18-08,18-08,exact
WAKE,19-03,19-03,exact
WAKE,19-05,19-05,exact
WAKE,19-07,19-07,exact
WAKE,19-09,19-09,exact
WAKE,19-11,19-11,exact
WAKE,19-13,19-13,exact
WAKE,19-14,19-14,exact
WAKE,19-15,19-15,exact
WAKE,19-16,19-16,exact
WAKE,19-17,19-17,exact
WAKE,19-18,19-18,exact
WAKE,19-20,19-20,exact
WAKE,19-21,19-21,exact
WAKE,19-22,19-22,exact
WAKE,19-23,19-23,exact
WAKE,19-24,19-24,exact
WAKE,19-25,19-25,exact
WAKE,20-01,20-01,exact
WAKE,20-03,20-03,exact
WAKE,20-04,20-04,exact
WAKE,20-05,20-05,exact
WAKE,20-06A,20-06A,exact
WAKE,20-06B,20-06B,exact
WAKE,20-08,20-08,exact
WAKE,20-09,20-09,exact
WAKE,20-10,20-10,exact
WAKE,20-11,20-11,exact
WAKE,20-12,20-12,exact
WAKE,20-15,20-15,exact
WAKE,20-17,20-17,exact
WAKE,20-18,20-18,exact
WAKE,20-19,20-19,exact
WAKE,20-20,20-20,exact
WARREN,1,001,leading_zero
WARREN,10,010,leading_zero
WARREN,11,011,leading_zero
WARREN,12,012,leading_zero
WARREN,13,013,leading_zero
WARREN,14,014,leading_zero
WARREN,2,002,leading_zero
WARREN,3,003,leading_zero
WARREN,4,004,leading_zero
WARREN,5,005,leading_zero
WARREN,6,006,leading_zero
WARREN,7,007,leading_zero
WARREN,8,008,leading_zero
WARREN,9,009,leading_zero
WASHINGTON,LM,LM,exact
WASHINGTON,P1,P1,exact
WASHINGTON,P2,P2,exact
WASHINGTON,P3,P3,exact
WASHINGTON,SC,SC,exact
WASHINGTON,SK,SK,exact
WATAUGA,1,01,leading_zero
WATAUGA,10,10,exact
WATAUGA,11,11,exact
WATAUGA,12,12,exact
WATAUGA,13,13,exact
WATAUGA,14,14,exact
WATAUGA,15,15,exact
WATAUGA,16,16,exact
WATAUGA,17,17,exact
WATAUGA,18,18,exact
WATAUGA,19,19,exact
WATAUGA,2,02,leading_zero
WATAUGA,20,20,exact
WATAUGA,3,03,leading_zero
WATAUGA,4,04,leading_zero
WATAUGA,5,05,leading_zero
WATAUGA,6,06,leading_zero
WATAUGA,7,07,leading_zero
WATAUGA,8,08,leading_zero
WATAUGA,9,09,leading_zero
WAYNE,1,01,leading_zero
WAYNE,10,10,exact
WAYNE,11,11,exact
WAYNE,12,12,exact
WAYNE,13,13,exact
WAYNE,14,14,exact
WAYNE,15,15,exact
WAYNE,16,16,exact
WAYNE,17,17,exact
WAYNE,18,18,exact
WAYNE,1920,1920,exact
WAYNE,2,02,leading_zero
WAYNE,21,21,exact
WAYNE,22,22,exact
WAYNE,23,23,exact
WAYNE,24,24,exact
WAYNE,2530,2530,exact
WAYNE,26,26,exact
WAYNE,27,27,exact
WAYNE,28,28,exact
WAYNE,29,29,exact
WAYNE,3,03,leading_zero
WAYNE,4,04,leading_zero
WAYNE,5,05,leading_zero
WAYNE,6,06,leading_zero
WAYNE,7,07,leading_zero
WAYNE,8,08,leading_zero
WAYNE,9,09,leading_zero
WILKES,101,101,exact
WILKES,102,102,exact
WILKES,103,103,exact
WILKES,104,104,exact
WILKES,105,105,exact
WILKES,106,106,exact
WILKES,107,107,exact
WILKES,108,108,exact
WILKES,109,109,exact
WILKES,111,111,exact
WILKES,112,112,exact
WILKES,113A,113A,exact
WILKES,114,114,exact
WILKES,115A,115A,exact
WILKES,117,117,exact
WILKES,118,118,exact
WILKES,119,119,exact
WILKES,120A,120A,exact
WILKES,122,122,exact
WILKES,123A,123A,exact
WILKES,125,125,exact
WILKES,126,126,exact
WILKES,127,127,exact
WILKES,128,128,exact
WILKES,129,129,exact
WILSON,PRBL,PRBL,exact
WILSON,PRCR,PRCR,exact
WILSON,PRGA,PRGA,exact
WILSON,PROL,PROL,exact
WILSON,PRSA,PRSA,exact
WILSON,PRSP,PRSP,exact
WILSON,PRST,PRST,exact
WILSON,PRTA,PRTA,exact
WILSON,PRTO,PRTO,exact
WILSON,PRWA,PRWA,exact
WILSON,PRWB,PRWB,exact
WILSON,PRWC,PRWC,exact
WILSON,PRWD,PRWD,exact
WILSON,PRWE,PRWE,exact
WILSON,PRWH,PRWH,exact
WILSON,PRWI,PRWI,exact
WILSON,PRWJ,PRWJ,exact
WILSON,PRWK,PRWK,exact
WILSON,PRWL,PRWL,exact
WILSON,PRWM,PRWM,exact
WILSON,PRWN,PRWN,exact
WILSON,PRWP,PRWP,exact
WILSON,PRWQ,PRWQ,exact
WILSON,PRWR,PRWR,exact
YADKIN,BNVL,BNVL,exact
YADKIN,DCRK,DCRK,exact
YADKIN,EBND,EBND,exact
YADKIN,FBSH,FBSH,exact
YADKIN,NBCK,NBCK,exact
YADKIN,NFAL,NFAL,exact
YADKIN,NKNB,NKNB,exact
YADKIN,NLIB,NLIB,exact
YADKIN,SBCK,SBCK,exact
YADKIN,SFAL,SFAL,exact
YADKIN,SKNB,SKNB,exact
YADKIN,SLIB,SLIB,exact
YANCEY,01 BUR,01 BUR,exact
YANCEY,02 CAN,02 CAN,exact
YANCEY,03 EGY,03 EGY,exact
YANCEY,04 RAM,04 RAM,exact
YANCEY,05 GRE,05 GRE,exact
YANCEY,06 JAC,06 JAC,exact
YANCEY,07 BRU,07 BRU,exact
YANCEY,08 CRA,08 CRA,exact
YANCEY,09 SOU,09 SOU,exact
YANCEY,10 PEN,10 PEN,exact
YANCEY,11 PRI,11 PRI,exact
HENDERSON,CV,,no_geometry
